period,duoarea,area-name,product,product-name,process,process-name,series,series-description,value,units
2016-01-04,R10,PADD 1,EPD2D,No 2 Diesel,PTE,Retail Sales,EMD_EPD2D_PTE_R10_DPG,East Coast No 2 Diesel Retail Prices (Dollars per Gallon),2.26,$/GAL
2016-01-11,R10,PADD 1,EPD2D,No 2 Diesel,PTE,Retail Sales,EMD_EPD2D_PTE_R10_DPG,East Coast No 2 Diesel Retail Prices (Dollars per Gallon),2.229,$/GAL
2016-01-18,R10,PADD 1,EPD2D,No 2 Diesel,PTE,Retail Sales,EMD_EPD2D_PTE_R10_DPG,East Coast No 2 Diesel Retail Prices (Dollars per Gallon),2.174,$/GAL
2016-01-25,R10,PADD 1,EPD2D,No 2 Diesel,PTE,Retail Sales,EMD_EPD2D_PTE_R10_DPG,East Coast No 2 Diesel Retail Prices (Dollars per Gallon),2.14,$/GAL
2016-02-01,R10,PADD 1,EPD2D,No 2 Diesel,PTE,Retail Sales,EMD_EPD2D_PTE_R10_DPG,East Coast No 2 Diesel Retail Prices (Dollars per Gallon),2.111,$/GAL
2016-02-08,R10,PADD 1,EPD2D,No 2 Diesel,PTE,Retail Sales,EMD_EPD2D_PTE_R10_DPG,East Coast No 2 Diesel Retail Prices (Dollars per Gallon),2.087,$/GAL
2016-02-15,R10,PADD 1,EPD2D,No 2 Diesel,PTE,Retail Sales,EMD_EPD2D_PTE_R10_DPG,East Coast No 2 Diesel Retail Prices (Dollars per Gallon),2.069,$/GAL
2016-02-22,R10,PADD 1,EPD2D,No 2 Diesel,PTE,Retail Sales,EMD_EPD2D_PTE_R10_DPG,East Coast No 2 Diesel Retail Prices (Dollars per Gallon),2.059,$/GAL
2016-02-29,R10,PADD 1,EPD2D,No 2 Diesel,PTE,Retail Sales,EMD_EPD2D_PTE_R10_DPG,East Coast No 2 Diesel Retail Prices (Dollars per Gallon),2.054,$/GAL
2016-03-07,R10,PADD 1,EPD2D,No 2 Diesel,PTE,Retail Sales,EMD_EPD2D_PTE_R10_DPG,East Coast No 2 Diesel Retail Prices (Dollars per Gallon),2.077,$/GAL
2016-03-14,R10,PADD 1,EPD2D,No 2 Diesel,PTE,Retail Sales,EMD_EPD2D_PTE_R10_DPG,East Coast No 2 Diesel Retail Prices (Dollars per Gallon),2.153,$/GAL
2016-03-21,R10,PADD 1,EPD2D,No 2 Diesel,PTE,Retail Sales,EMD_EPD2D_PTE_R10_DPG,East Coast No 2 Diesel Retail Prices (Dollars per Gallon),2.172,$/GAL
2016-03-28,R10,PADD 1,EPD2D,No 2 Diesel,PTE,Retail Sales,EMD_EPD2D_PTE_R10_DPG,East Coast No 2 Diesel Retail Prices (Dollars per Gallon),2.179,$/GAL
2016-04-04,R10,PADD 1,EPD2D,No 2 Diesel,PTE,Retail Sales,EMD_EPD2D_PTE_R10_DPG,East Coast No 2 Diesel Retail Prices (Dollars per Gallon),2.179,$/GAL
2016-04-11,R10,PADD 1,EPD2D,No 2 Diesel,PTE,Retail Sales,EMD_EPD2D_PTE_R10_DPG,East Coast No 2 Diesel Retail Prices (Dollars per Gallon),2.187,$/GAL
2016-04-18,R10,PADD 1,EPD2D,No 2 Diesel,PTE,Retail Sales,EMD_EPD2D_PTE_R10_DPG,East Coast No 2 Diesel Retail Prices (Dollars per Gallon),2.22,$/GAL
2016-04-25,R10,PADD 1,EPD2D,No 2 Diesel,PTE,Retail Sales,EMD_EPD2D_PTE_R10_DPG,East Coast No 2 Diesel Retail Prices (Dollars per Gallon),2.244,$/GAL
2016-05-02,R10,PADD 1,EPD2D,No 2 Diesel,PTE,Retail Sales,EMD_EPD2D_PTE_R10_DPG,East Coast No 2 Diesel Retail Prices (Dollars per Gallon),2.306,$/GAL
2016-05-09,R10,PADD 1,EPD2D,No 2 Diesel,PTE,Retail Sales,EMD_EPD2D_PTE_R10_DPG,East Coast No 2 Diesel Retail Prices (Dollars per Gallon),2.309,$/GAL
2016-05-16,R10,PADD 1,EPD2D,No 2 Diesel,PTE,Retail Sales,EMD_EPD2D_PTE_R10_DPG,East Coast No 2 Diesel Retail Prices (Dollars per Gallon),2.321,$/GAL
2016-05-23,R10,PADD 1,EPD2D,No 2 Diesel,PTE,Retail Sales,EMD_EPD2D_PTE_R10_DPG,East Coast No 2 Diesel Retail Prices (Dollars per Gallon),2.379,$/GAL
2016-05-30,R10,PADD 1,EPD2D,No 2 Diesel,PTE,Retail Sales,EMD_EPD2D_PTE_R10_DPG,East Coast No 2 Diesel Retail Prices (Dollars per Gallon),2.405,$/GAL
2016-06-06,R10,PADD 1,EPD2D,No 2 Diesel,PTE,Retail Sales,EMD_EPD2D_PTE_R10_DPG,East Coast No 2 Diesel Retail Prices (Dollars per Gallon),2.436,$/GAL
2016-06-13,R10,PADD 1,EPD2D,No 2 Diesel,PTE,Retail Sales,EMD_EPD2D_PTE_R10_DPG,East Coast No 2 Diesel Retail Prices (Dollars per Gallon),2.449,$/GAL
2016-06-20,R10,PADD 1,EPD2D,No 2 Diesel,PTE,Retail Sales,EMD_EPD2D_PTE_R10_DPG,East Coast No 2 Diesel Retail Prices (Dollars per Gallon),2.443,$/GAL
2016-06-27,R10,PADD 1,EPD2D,No 2 Diesel,PTE,Retail Sales,EMD_EPD2D_PTE_R10_DPG,East Coast No 2 Diesel Retail Prices (Dollars per Gallon),2.442,$/GAL
2016-07-04,R10,PADD 1,EPD2D,No 2 Diesel,PTE,Retail Sales,EMD_EPD2D_PTE_R10_DPG,East Coast No 2 Diesel Retail Prices (Dollars per Gallon),2.438,$/GAL
2016-07-11,R10,PADD 1,EPD2D,No 2 Diesel,PTE,Retail Sales,EMD_EPD2D_PTE_R10_DPG,East Coast No 2 Diesel Retail Prices (Dollars per Gallon),2.424,$/GAL
2016-07-18,R10,PADD 1,EPD2D,No 2 Diesel,PTE,Retail Sales,EMD_EPD2D_PTE_R10_DPG,East Coast No 2 Diesel Retail Prices (Dollars per Gallon),2.411,$/GAL
2016-07-25,R10,PADD 1,EPD2D,No 2 Diesel,PTE,Retail Sales,EMD_EPD2D_PTE_R10_DPG,East Coast No 2 Diesel Retail Prices (Dollars per Gallon),2.387,$/GAL
2016-08-01,R10,PADD 1,EPD2D,No 2 Diesel,PTE,Retail Sales,EMD_EPD2D_PTE_R10_DPG,East Coast No 2 Diesel Retail Prices (Dollars per Gallon),2.354,$/GAL
2016-08-08,R10,PADD 1,EPD2D,No 2 Diesel,PTE,Retail Sales,EMD_EPD2D_PTE_R10_DPG,East Coast No 2 Diesel Retail Prices (Dollars per Gallon),2.321,$/GAL
2016-08-15,R10,PADD 1,EPD2D,No 2 Diesel,PTE,Retail Sales,EMD_EPD2D_PTE_R10_DPG,East Coast No 2 Diesel Retail Prices (Dollars per Gallon),2.314,$/GAL
2016-08-22,R10,PADD 1,EPD2D,No 2 Diesel,PTE,Retail Sales,EMD_EPD2D_PTE_R10_DPG,East Coast No 2 Diesel Retail Prices (Dollars per Gallon),2.367,$/GAL
2016-08-29,R10,PADD 1,EPD2D,No 2 Diesel,PTE,Retail Sales,EMD_EPD2D_PTE_R10_DPG,East Coast No 2 Diesel Retail Prices (Dollars per Gallon),2.41,$/GAL
2016-09-05,R10,PADD 1,EPD2D,No 2 Diesel,PTE,Retail Sales,EMD_EPD2D_PTE_R10_DPG,East Coast No 2 Diesel Retail Prices (Dollars per Gallon),2.408,$/GAL
2016-09-12,R10,PADD 1,EPD2D,No 2 Diesel,PTE,Retail Sales,EMD_EPD2D_PTE_R10_DPG,East Coast No 2 Diesel Retail Prices (Dollars per Gallon),2.399,$/GAL
2016-09-19,R10,PADD 1,EPD2D,No 2 Diesel,PTE,Retail Sales,EMD_EPD2D_PTE_R10_DPG,East Coast No 2 Diesel Retail Prices (Dollars per Gallon),2.391,$/GAL
2016-09-26,R10,PADD 1,EPD2D,No 2 Diesel,PTE,Retail Sales,EMD_EPD2D_PTE_R10_DPG,East Coast No 2 Diesel Retail Prices (Dollars per Gallon),2.393,$/GAL
2016-10-03,R10,PADD 1,EPD2D,No 2 Diesel,PTE,Retail Sales,EMD_EPD2D_PTE_R10_DPG,East Coast No 2 Diesel Retail Prices (Dollars per Gallon),2.398,$/GAL
2016-10-10,R10,PADD 1,EPD2D,No 2 Diesel,PTE,Retail Sales,EMD_EPD2D_PTE_R10_DPG,East Coast No 2 Diesel Retail Prices (Dollars per Gallon),2.441,$/GAL
2016-10-17,R10,PADD 1,EPD2D,No 2 Diesel,PTE,Retail Sales,EMD_EPD2D_PTE_R10_DPG,East Coast No 2 Diesel Retail Prices (Dollars per Gallon),2.472,$/GAL
2016-10-24,R10,PADD 1,EPD2D,No 2 Diesel,PTE,Retail Sales,EMD_EPD2D_PTE_R10_DPG,East Coast No 2 Diesel Retail Prices (Dollars per Gallon),2.468,$/GAL
2016-10-31,R10,PADD 1,EPD2D,No 2 Diesel,PTE,Retail Sales,EMD_EPD2D_PTE_R10_DPG,East Coast No 2 Diesel Retail Prices (Dollars per Gallon),2.475,$/GAL
2016-11-07,R10,PADD 1,EPD2D,No 2 Diesel,PTE,Retail Sales,EMD_EPD2D_PTE_R10_DPG,East Coast No 2 Diesel Retail Prices (Dollars per Gallon),2.474,$/GAL
2016-11-14,R10,PADD 1,EPD2D,No 2 Diesel,PTE,Retail Sales,EMD_EPD2D_PTE_R10_DPG,East Coast No 2 Diesel Retail Prices (Dollars per Gallon),2.453,$/GAL
2016-11-21,R10,PADD 1,EPD2D,No 2 Diesel,PTE,Retail Sales,EMD_EPD2D_PTE_R10_DPG,East Coast No 2 Diesel Retail Prices (Dollars per Gallon),2.442,$/GAL
2016-11-28,R10,PADD 1,EPD2D,No 2 Diesel,PTE,Retail Sales,EMD_EPD2D_PTE_R10_DPG,East Coast No 2 Diesel Retail Prices (Dollars per Gallon),2.446,$/GAL
2016-12-05,R10,PADD 1,EPD2D,No 2 Diesel,PTE,Retail Sales,EMD_EPD2D_PTE_R10_DPG,East Coast No 2 Diesel Retail Prices (Dollars per Gallon),2.499,$/GAL
2016-12-12,R10,PADD 1,EPD2D,No 2 Diesel,PTE,Retail Sales,EMD_EPD2D_PTE_R10_DPG,East Coast No 2 Diesel Retail Prices (Dollars per Gallon),2.52,$/GAL
2016-12-19,R10,PADD 1,EPD2D,No 2 Diesel,PTE,Retail Sales,EMD_EPD2D_PTE_R10_DPG,East Coast No 2 Diesel Retail Prices (Dollars per Gallon),2.559,$/GAL
2016-12-26,R10,PADD 1,EPD2D,No 2 Diesel,PTE,Retail Sales,EMD_EPD2D_PTE_R10_DPG,East Coast No 2 Diesel Retail Prices (Dollars per Gallon),2.573,$/GAL
2017-01-02,R10,PADD 1,EPD2D,No 2 Diesel,PTE,Retail Sales,EMD_EPD2D_PTE_R10_DPG,East Coast No 2 Diesel Retail Prices (Dollars per Gallon),2.627,$/GAL
2017-01-09,R10,PADD 1,EPD2D,No 2 Diesel,PTE,Retail Sales,EMD_EPD2D_PTE_R10_DPG,East Coast No 2 Diesel Retail Prices (Dollars per Gallon),2.648,$/GAL
2017-01-16,R10,PADD 1,EPD2D,No 2 Diesel,PTE,Retail Sales,EMD_EPD2D_PTE_R10_DPG,East Coast No 2 Diesel Retail Prices (Dollars per Gallon),2.636,$/GAL
2017-01-23,R10,PADD 1,EPD2D,No 2 Diesel,PTE,Retail Sales,EMD_EPD2D_PTE_R10_DPG,East Coast No 2 Diesel Retail Prices (Dollars per Gallon),2.627,$/GAL
2017-01-30,R10,PADD 1,EPD2D,No 2 Diesel,PTE,Retail Sales,EMD_EPD2D_PTE_R10_DPG,East Coast No 2 Diesel Retail Prices (Dollars per Gallon),2.622,$/GAL
2017-02-06,R10,PADD 1,EPD2D,No 2 Diesel,PTE,Retail Sales,EMD_EPD2D_PTE_R10_DPG,East Coast No 2 Diesel Retail Prices (Dollars per Gallon),2.618,$/GAL
2017-02-13,R10,PADD 1,EPD2D,No 2 Diesel,PTE,Retail Sales,EMD_EPD2D_PTE_R10_DPG,East Coast No 2 Diesel Retail Prices (Dollars per Gallon),2.626,$/GAL
2017-02-20,R10,PADD 1,EPD2D,No 2 Diesel,PTE,Retail Sales,EMD_EPD2D_PTE_R10_DPG,East Coast No 2 Diesel Retail Prices (Dollars per Gallon),2.628,$/GAL
2017-02-27,R10,PADD 1,EPD2D,No 2 Diesel,PTE,Retail Sales,EMD_EPD2D_PTE_R10_DPG,East Coast No 2 Diesel Retail Prices (Dollars per Gallon),2.635,$/GAL
2017-03-06,R10,PADD 1,EPD2D,No 2 Diesel,PTE,Retail Sales,EMD_EPD2D_PTE_R10_DPG,East Coast No 2 Diesel Retail Prices (Dollars per Gallon),2.633,$/GAL
2017-03-13,R10,PADD 1,EPD2D,No 2 Diesel,PTE,Retail Sales,EMD_EPD2D_PTE_R10_DPG,East Coast No 2 Diesel Retail Prices (Dollars per Gallon),2.617,$/GAL
2017-03-20,R10,PADD 1,EPD2D,No 2 Diesel,PTE,Retail Sales,EMD_EPD2D_PTE_R10_DPG,East Coast No 2 Diesel Retail Prices (Dollars per Gallon),2.6,$/GAL
2017-03-27,R10,PADD 1,EPD2D,No 2 Diesel,PTE,Retail Sales,EMD_EPD2D_PTE_R10_DPG,East Coast No 2 Diesel Retail Prices (Dollars per Gallon),2.586,$/GAL
2017-04-03,R10,PADD 1,EPD2D,No 2 Diesel,PTE,Retail Sales,EMD_EPD2D_PTE_R10_DPG,East Coast No 2 Diesel Retail Prices (Dollars per Gallon),2.605,$/GAL
2017-04-10,R10,PADD 1,EPD2D,No 2 Diesel,PTE,Retail Sales,EMD_EPD2D_PTE_R10_DPG,East Coast No 2 Diesel Retail Prices (Dollars per Gallon),2.62,$/GAL
2017-04-17,R10,PADD 1,EPD2D,No 2 Diesel,PTE,Retail Sales,EMD_EPD2D_PTE_R10_DPG,East Coast No 2 Diesel Retail Prices (Dollars per Gallon),2.631,$/GAL
2017-04-24,R10,PADD 1,EPD2D,No 2 Diesel,PTE,Retail Sales,EMD_EPD2D_PTE_R10_DPG,East Coast No 2 Diesel Retail Prices (Dollars per Gallon),2.632,$/GAL
2017-05-01,R10,PADD 1,EPD2D,No 2 Diesel,PTE,Retail Sales,EMD_EPD2D_PTE_R10_DPG,East Coast No 2 Diesel Retail Prices (Dollars per Gallon),2.624,$/GAL
2017-05-08,R10,PADD 1,EPD2D,No 2 Diesel,PTE,Retail Sales,EMD_EPD2D_PTE_R10_DPG,East Coast No 2 Diesel Retail Prices (Dollars per Gallon),2.612,$/GAL
2017-05-15,R10,PADD 1,EPD2D,No 2 Diesel,PTE,Retail Sales,EMD_EPD2D_PTE_R10_DPG,East Coast No 2 Diesel Retail Prices (Dollars per Gallon),2.595,$/GAL
2017-05-22,R10,PADD 1,EPD2D,No 2 Diesel,PTE,Retail Sales,EMD_EPD2D_PTE_R10_DPG,East Coast No 2 Diesel Retail Prices (Dollars per Gallon),2.588,$/GAL
2017-05-29,R10,PADD 1,EPD2D,No 2 Diesel,PTE,Retail Sales,EMD_EPD2D_PTE_R10_DPG,East Coast No 2 Diesel Retail Prices (Dollars per Gallon),2.608,$/GAL
2017-06-05,R10,PADD 1,EPD2D,No 2 Diesel,PTE,Retail Sales,EMD_EPD2D_PTE_R10_DPG,East Coast No 2 Diesel Retail Prices (Dollars per Gallon),2.599,$/GAL
2017-06-12,R10,PADD 1,EPD2D,No 2 Diesel,PTE,Retail Sales,EMD_EPD2D_PTE_R10_DPG,East Coast No 2 Diesel Retail Prices (Dollars per Gallon),2.569,$/GAL
2017-06-19,R10,PADD 1,EPD2D,No 2 Diesel,PTE,Retail Sales,EMD_EPD2D_PTE_R10_DPG,East Coast No 2 Diesel Retail Prices (Dollars per Gallon),2.539,$/GAL
2017-06-26,R10,PADD 1,EPD2D,No 2 Diesel,PTE,Retail Sales,EMD_EPD2D_PTE_R10_DPG,East Coast No 2 Diesel Retail Prices (Dollars per Gallon),2.516,$/GAL
2017-07-03,R10,PADD 1,EPD2D,No 2 Diesel,PTE,Retail Sales,EMD_EPD2D_PTE_R10_DPG,East Coast No 2 Diesel Retail Prices (Dollars per Gallon),2.522,$/GAL
2017-07-10,R10,PADD 1,EPD2D,No 2 Diesel,PTE,Retail Sales,EMD_EPD2D_PTE_R10_DPG,East Coast No 2 Diesel Retail Prices (Dollars per Gallon),2.523,$/GAL
2017-07-17,R10,PADD 1,EPD2D,No 2 Diesel,PTE,Retail Sales,EMD_EPD2D_PTE_R10_DPG,East Coast No 2 Diesel Retail Prices (Dollars per Gallon),2.532,$/GAL
2017-07-24,R10,PADD 1,EPD2D,No 2 Diesel,PTE,Retail Sales,EMD_EPD2D_PTE_R10_DPG,East Coast No 2 Diesel Retail Prices (Dollars per Gallon),2.546,$/GAL
2017-07-31,R10,PADD 1,EPD2D,No 2 Diesel,PTE,Retail Sales,EMD_EPD2D_PTE_R10_DPG,East Coast No 2 Diesel Retail Prices (Dollars per Gallon),2.566,$/GAL
2017-08-07,R10,PADD 1,EPD2D,No 2 Diesel,PTE,Retail Sales,EMD_EPD2D_PTE_R10_DPG,East Coast No 2 Diesel Retail Prices (Dollars per Gallon),2.613,$/GAL
2017-08-14,R10,PADD 1,EPD2D,No 2 Diesel,PTE,Retail Sales,EMD_EPD2D_PTE_R10_DPG,East Coast No 2 Diesel Retail Prices (Dollars per Gallon),2.624,$/GAL
2017-08-21,R10,PADD 1,EPD2D,No 2 Diesel,PTE,Retail Sales,EMD_EPD2D_PTE_R10_DPG,East Coast No 2 Diesel Retail Prices (Dollars per Gallon),2.617,$/GAL
2017-08-28,R10,PADD 1,EPD2D,No 2 Diesel,PTE,Retail Sales,EMD_EPD2D_PTE_R10_DPG,East Coast No 2 Diesel Retail Prices (Dollars per Gallon),2.623,$/GAL
2017-09-04,R10,PADD 1,EPD2D,No 2 Diesel,PTE,Retail Sales,EMD_EPD2D_PTE_R10_DPG,East Coast No 2 Diesel Retail Prices (Dollars per Gallon),2.785,$/GAL
2017-09-11,R10,PADD 1,EPD2D,No 2 Diesel,PTE,Retail Sales,EMD_EPD2D_PTE_R10_DPG,East Coast No 2 Diesel Retail Prices (Dollars per Gallon),2.829,$/GAL
2017-09-18,R10,PADD 1,EPD2D,No 2 Diesel,PTE,Retail Sales,EMD_EPD2D_PTE_R10_DPG,East Coast No 2 Diesel Retail Prices (Dollars per Gallon),2.814,$/GAL
2017-09-25,R10,PADD 1,EPD2D,No 2 Diesel,PTE,Retail Sales,EMD_EPD2D_PTE_R10_DPG,East Coast No 2 Diesel Retail Prices (Dollars per Gallon),2.811,$/GAL
2017-10-02,R10,PADD 1,EPD2D,No 2 Diesel,PTE,Retail Sales,EMD_EPD2D_PTE_R10_DPG,East Coast No 2 Diesel Retail Prices (Dollars per Gallon),2.819,$/GAL
2017-10-09,R10,PADD 1,EPD2D,No 2 Diesel,PTE,Retail Sales,EMD_EPD2D_PTE_R10_DPG,East Coast No 2 Diesel Retail Prices (Dollars per Gallon),2.793,$/GAL
2017-10-16,R10,PADD 1,EPD2D,No 2 Diesel,PTE,Retail Sales,EMD_EPD2D_PTE_R10_DPG,East Coast No 2 Diesel Retail Prices (Dollars per Gallon),2.797,$/GAL
2017-10-23,R10,PADD 1,EPD2D,No 2 Diesel,PTE,Retail Sales,EMD_EPD2D_PTE_R10_DPG,East Coast No 2 Diesel Retail Prices (Dollars per Gallon),2.797,$/GAL
2017-10-30,R10,PADD 1,EPD2D,No 2 Diesel,PTE,Retail Sales,EMD_EPD2D_PTE_R10_DPG,East Coast No 2 Diesel Retail Prices (Dollars per Gallon),2.811,$/GAL
2017-11-06,R10,PADD 1,EPD2D,No 2 Diesel,PTE,Retail Sales,EMD_EPD2D_PTE_R10_DPG,East Coast No 2 Diesel Retail Prices (Dollars per Gallon),2.848,$/GAL
2017-11-13,R10,PADD 1,EPD2D,No 2 Diesel,PTE,Retail Sales,EMD_EPD2D_PTE_R10_DPG,East Coast No 2 Diesel Retail Prices (Dollars per Gallon),2.884,$/GAL
2017-11-20,R10,PADD 1,EPD2D,No 2 Diesel,PTE,Retail Sales,EMD_EPD2D_PTE_R10_DPG,East Coast No 2 Diesel Retail Prices (Dollars per Gallon),2.896,$/GAL
2017-11-27,R10,PADD 1,EPD2D,No 2 Diesel,PTE,Retail Sales,EMD_EPD2D_PTE_R10_DPG,East Coast No 2 Diesel Retail Prices (Dollars per Gallon),2.907,$/GAL
2017-12-04,R10,PADD 1,EPD2D,No 2 Diesel,PTE,Retail Sales,EMD_EPD2D_PTE_R10_DPG,East Coast No 2 Diesel Retail Prices (Dollars per Gallon),2.904,$/GAL
2017-12-11,R10,PADD 1,EPD2D,No 2 Diesel,PTE,Retail Sales,EMD_EPD2D_PTE_R10_DPG,East Coast No 2 Diesel Retail Prices (Dollars per Gallon),2.901,$/GAL
2017-12-18,R10,PADD 1,EPD2D,No 2 Diesel,PTE,Retail Sales,EMD_EPD2D_PTE_R10_DPG,East Coast No 2 Diesel Retail Prices (Dollars per Gallon),2.897,$/GAL
2017-12-25,R10,PADD 1,EPD2D,No 2 Diesel,PTE,Retail Sales,EMD_EPD2D_PTE_R10_DPG,East Coast No 2 Diesel Retail Prices (Dollars per Gallon),2.904,$/GAL
2018-01-01,R10,PADD 1,EPD2D,No 2 Diesel,PTE,Retail Sales,EMD_EPD2D_PTE_R10_DPG,East Coast No 2 Diesel Retail Prices (Dollars per Gallon),2.98,$/GAL
2018-01-08,R10,PADD 1,EPD2D,No 2 Diesel,PTE,Retail Sales,EMD_EPD2D_PTE_R10_DPG,East Coast No 2 Diesel Retail Prices (Dollars per Gallon),3.025,$/GAL
2018-01-15,R10,PADD 1,EPD2D,No 2 Diesel,PTE,Retail Sales,EMD_EPD2D_PTE_R10_DPG,East Coast No 2 Diesel Retail Prices (Dollars per Gallon),3.063,$/GAL
2018-01-22,R10,PADD 1,EPD2D,No 2 Diesel,PTE,Retail Sales,EMD_EPD2D_PTE_R10_DPG,East Coast No 2 Diesel Retail Prices (Dollars per Gallon),3.078,$/GAL
2018-01-29,R10,PADD 1,EPD2D,No 2 Diesel,PTE,Retail Sales,EMD_EPD2D_PTE_R10_DPG,East Coast No 2 Diesel Retail Prices (Dollars per Gallon),3.112,$/GAL
2018-02-05,R10,PADD 1,EPD2D,No 2 Diesel,PTE,Retail Sales,EMD_EPD2D_PTE_R10_DPG,East Coast No 2 Diesel Retail Prices (Dollars per Gallon),3.133,$/GAL
2018-02-12,R10,PADD 1,EPD2D,No 2 Diesel,PTE,Retail Sales,EMD_EPD2D_PTE_R10_DPG,East Coast No 2 Diesel Retail Prices (Dollars per Gallon),3.111,$/GAL
2018-02-19,R10,PADD 1,EPD2D,No 2 Diesel,PTE,Retail Sales,EMD_EPD2D_PTE_R10_DPG,East Coast No 2 Diesel Retail Prices (Dollars per Gallon),3.082,$/GAL
2018-02-26,R10,PADD 1,EPD2D,No 2 Diesel,PTE,Retail Sales,EMD_EPD2D_PTE_R10_DPG,East Coast No 2 Diesel Retail Prices (Dollars per Gallon),3.057,$/GAL
2018-03-05,R10,PADD 1,EPD2D,No 2 Diesel,PTE,Retail Sales,EMD_EPD2D_PTE_R10_DPG,East Coast No 2 Diesel Retail Prices (Dollars per Gallon),3.046,$/GAL
2018-03-12,R10,PADD 1,EPD2D,No 2 Diesel,PTE,Retail Sales,EMD_EPD2D_PTE_R10_DPG,East Coast No 2 Diesel Retail Prices (Dollars per Gallon),3.024,$/GAL
2018-03-19,R10,PADD 1,EPD2D,No 2 Diesel,PTE,Retail Sales,EMD_EPD2D_PTE_R10_DPG,East Coast No 2 Diesel Retail Prices (Dollars per Gallon),3.009,$/GAL
2018-03-26,R10,PADD 1,EPD2D,No 2 Diesel,PTE,Retail Sales,EMD_EPD2D_PTE_R10_DPG,East Coast No 2 Diesel Retail Prices (Dollars per Gallon),3.038,$/GAL
2018-04-02,R10,PADD 1,EPD2D,No 2 Diesel,PTE,Retail Sales,EMD_EPD2D_PTE_R10_DPG,East Coast No 2 Diesel Retail Prices (Dollars per Gallon),3.066,$/GAL
2018-04-09,R10,PADD 1,EPD2D,No 2 Diesel,PTE,Retail Sales,EMD_EPD2D_PTE_R10_DPG,East Coast No 2 Diesel Retail Prices (Dollars per Gallon),3.066,$/GAL
2018-04-16,R10,PADD 1,EPD2D,No 2 Diesel,PTE,Retail Sales,EMD_EPD2D_PTE_R10_DPG,East Coast No 2 Diesel Retail Prices (Dollars per Gallon),3.116,$/GAL
2018-04-23,R10,PADD 1,EPD2D,No 2 Diesel,PTE,Retail Sales,EMD_EPD2D_PTE_R10_DPG,East Coast No 2 Diesel Retail Prices (Dollars per Gallon),3.142,$/GAL
2018-04-30,R10,PADD 1,EPD2D,No 2 Diesel,PTE,Retail Sales,EMD_EPD2D_PTE_R10_DPG,East Coast No 2 Diesel Retail Prices (Dollars per Gallon),3.162,$/GAL
2018-05-07,R10,PADD 1,EPD2D,No 2 Diesel,PTE,Retail Sales,EMD_EPD2D_PTE_R10_DPG,East Coast No 2 Diesel Retail Prices (Dollars per Gallon),3.178,$/GAL
2018-05-14,R10,PADD 1,EPD2D,No 2 Diesel,PTE,Retail Sales,EMD_EPD2D_PTE_R10_DPG,East Coast No 2 Diesel Retail Prices (Dollars per Gallon),3.236,$/GAL
2018-05-21,R10,PADD 1,EPD2D,No 2 Diesel,PTE,Retail Sales,EMD_EPD2D_PTE_R10_DPG,East Coast No 2 Diesel Retail Prices (Dollars per Gallon),3.271,$/GAL
2018-05-28,R10,PADD 1,EPD2D,No 2 Diesel,PTE,Retail Sales,EMD_EPD2D_PTE_R10_DPG,East Coast No 2 Diesel Retail Prices (Dollars per Gallon),3.287,$/GAL
2018-06-04,R10,PADD 1,EPD2D,No 2 Diesel,PTE,Retail Sales,EMD_EPD2D_PTE_R10_DPG,East Coast No 2 Diesel Retail Prices (Dollars per Gallon),3.282,$/GAL
2018-06-11,R10,PADD 1,EPD2D,No 2 Diesel,PTE,Retail Sales,EMD_EPD2D_PTE_R10_DPG,East Coast No 2 Diesel Retail Prices (Dollars per Gallon),3.264,$/GAL
2018-06-18,R10,PADD 1,EPD2D,No 2 Diesel,PTE,Retail Sales,EMD_EPD2D_PTE_R10_DPG,East Coast No 2 Diesel Retail Prices (Dollars per Gallon),3.24,$/GAL
2018-06-25,R10,PADD 1,EPD2D,No 2 Diesel,PTE,Retail Sales,EMD_EPD2D_PTE_R10_DPG,East Coast No 2 Diesel Retail Prices (Dollars per Gallon),3.215,$/GAL
2018-07-02,R10,PADD 1,EPD2D,No 2 Diesel,PTE,Retail Sales,EMD_EPD2D_PTE_R10_DPG,East Coast No 2 Diesel Retail Prices (Dollars per Gallon),3.226,$/GAL
2018-07-09,R10,PADD 1,EPD2D,No 2 Diesel,PTE,Retail Sales,EMD_EPD2D_PTE_R10_DPG,East Coast No 2 Diesel Retail Prices (Dollars per Gallon),3.238,$/GAL
2018-07-16,R10,PADD 1,EPD2D,No 2 Diesel,PTE,Retail Sales,EMD_EPD2D_PTE_R10_DPG,East Coast No 2 Diesel Retail Prices (Dollars per Gallon),3.236,$/GAL
2018-07-23,R10,PADD 1,EPD2D,No 2 Diesel,PTE,Retail Sales,EMD_EPD2D_PTE_R10_DPG,East Coast No 2 Diesel Retail Prices (Dollars per Gallon),3.217,$/GAL
2018-07-30,R10,PADD 1,EPD2D,No 2 Diesel,PTE,Retail Sales,EMD_EPD2D_PTE_R10_DPG,East Coast No 2 Diesel Retail Prices (Dollars per Gallon),3.223,$/GAL
2018-08-06,R10,PADD 1,EPD2D,No 2 Diesel,PTE,Retail Sales,EMD_EPD2D_PTE_R10_DPG,East Coast No 2 Diesel Retail Prices (Dollars per Gallon),3.222,$/GAL
2018-08-13,R10,PADD 1,EPD2D,No 2 Diesel,PTE,Retail Sales,EMD_EPD2D_PTE_R10_DPG,East Coast No 2 Diesel Retail Prices (Dollars per Gallon),3.219,$/GAL
2018-08-20,R10,PADD 1,EPD2D,No 2 Diesel,PTE,Retail Sales,EMD_EPD2D_PTE_R10_DPG,East Coast No 2 Diesel Retail Prices (Dollars per Gallon),3.207,$/GAL
2018-08-27,R10,PADD 1,EPD2D,No 2 Diesel,PTE,Retail Sales,EMD_EPD2D_PTE_R10_DPG,East Coast No 2 Diesel Retail Prices (Dollars per Gallon),3.219,$/GAL
2018-09-03,R10,PADD 1,EPD2D,No 2 Diesel,PTE,Retail Sales,EMD_EPD2D_PTE_R10_DPG,East Coast No 2 Diesel Retail Prices (Dollars per Gallon),3.235,$/GAL
2018-09-10,R10,PADD 1,EPD2D,No 2 Diesel,PTE,Retail Sales,EMD_EPD2D_PTE_R10_DPG,East Coast No 2 Diesel Retail Prices (Dollars per Gallon),3.246,$/GAL
2018-09-17,R10,PADD 1,EPD2D,No 2 Diesel,PTE,Retail Sales,EMD_EPD2D_PTE_R10_DPG,East Coast No 2 Diesel Retail Prices (Dollars per Gallon),3.252,$/GAL
2018-09-24,R10,PADD 1,EPD2D,No 2 Diesel,PTE,Retail Sales,EMD_EPD2D_PTE_R10_DPG,East Coast No 2 Diesel Retail Prices (Dollars per Gallon),3.254,$/GAL
2018-10-01,R10,PADD 1,EPD2D,No 2 Diesel,PTE,Retail Sales,EMD_EPD2D_PTE_R10_DPG,East Coast No 2 Diesel Retail Prices (Dollars per Gallon),3.292,$/GAL
2018-10-08,R10,PADD 1,EPD2D,No 2 Diesel,PTE,Retail Sales,EMD_EPD2D_PTE_R10_DPG,East Coast No 2 Diesel Retail Prices (Dollars per Gallon),3.36,$/GAL
2018-10-15,R10,PADD 1,EPD2D,No 2 Diesel,PTE,Retail Sales,EMD_EPD2D_PTE_R10_DPG,East Coast No 2 Diesel Retail Prices (Dollars per Gallon),3.382,$/GAL
2018-10-22,R10,PADD 1,EPD2D,No 2 Diesel,PTE,Retail Sales,EMD_EPD2D_PTE_R10_DPG,East Coast No 2 Diesel Retail Prices (Dollars per Gallon),3.369,$/GAL
2018-10-29,R10,PADD 1,EPD2D,No 2 Diesel,PTE,Retail Sales,EMD_EPD2D_PTE_R10_DPG,East Coast No 2 Diesel Retail Prices (Dollars per Gallon),3.346,$/GAL
2018-11-05,R10,PADD 1,EPD2D,No 2 Diesel,PTE,Retail Sales,EMD_EPD2D_PTE_R10_DPG,East Coast No 2 Diesel Retail Prices (Dollars per Gallon),3.329,$/GAL
2018-11-12,R10,PADD 1,EPD2D,No 2 Diesel,PTE,Retail Sales,EMD_EPD2D_PTE_R10_DPG,East Coast No 2 Diesel Retail Prices (Dollars per Gallon),3.314,$/GAL
2018-11-19,R10,PADD 1,EPD2D,No 2 Diesel,PTE,Retail Sales,EMD_EPD2D_PTE_R10_DPG,East Coast No 2 Diesel Retail Prices (Dollars per Gallon),3.295,$/GAL
2018-11-26,R10,PADD 1,EPD2D,No 2 Diesel,PTE,Retail Sales,EMD_EPD2D_PTE_R10_DPG,East Coast No 2 Diesel Retail Prices (Dollars per Gallon),3.277,$/GAL
2018-12-03,R10,PADD 1,EPD2D,No 2 Diesel,PTE,Retail Sales,EMD_EPD2D_PTE_R10_DPG,East Coast No 2 Diesel Retail Prices (Dollars per Gallon),3.229,$/GAL
2018-12-10,R10,PADD 1,EPD2D,No 2 Diesel,PTE,Retail Sales,EMD_EPD2D_PTE_R10_DPG,East Coast No 2 Diesel Retail Prices (Dollars per Gallon),3.194,$/GAL
2018-12-17,R10,PADD 1,EPD2D,No 2 Diesel,PTE,Retail Sales,EMD_EPD2D_PTE_R10_DPG,East Coast No 2 Diesel Retail Prices (Dollars per Gallon),3.165,$/GAL
2018-12-24,R10,PADD 1,EPD2D,No 2 Diesel,PTE,Retail Sales,EMD_EPD2D_PTE_R10_DPG,East Coast No 2 Diesel Retail Prices (Dollars per Gallon),3.132,$/GAL
2018-12-31,R10,PADD 1,EPD2D,No 2 Diesel,PTE,Retail Sales,EMD_EPD2D_PTE_R10_DPG,East Coast No 2 Diesel Retail Prices (Dollars per Gallon),3.11,$/GAL
2019-01-07,R10,PADD 1,EPD2D,No 2 Diesel,PTE,Retail Sales,EMD_EPD2D_PTE_R10_DPG,East Coast No 2 Diesel Retail Prices (Dollars per Gallon),3.069,$/GAL
2019-01-14,R10,PADD 1,EPD2D,No 2 Diesel,PTE,Retail Sales,EMD_EPD2D_PTE_R10_DPG,East Coast No 2 Diesel Retail Prices (Dollars per Gallon),3.049,$/GAL
2019-01-21,R10,PADD 1,EPD2D,No 2 Diesel,PTE,Retail Sales,EMD_EPD2D_PTE_R10_DPG,East Coast No 2 Diesel Retail Prices (Dollars per Gallon),3.037,$/GAL
2019-01-28,R10,PADD 1,EPD2D,No 2 Diesel,PTE,Retail Sales,EMD_EPD2D_PTE_R10_DPG,East Coast No 2 Diesel Retail Prices (Dollars per Gallon),3.05,$/GAL
2019-02-04,R10,PADD 1,EPD2D,No 2 Diesel,PTE,Retail Sales,EMD_EPD2D_PTE_R10_DPG,East Coast No 2 Diesel Retail Prices (Dollars per Gallon),3.038,$/GAL
2019-02-11,R10,PADD 1,EPD2D,No 2 Diesel,PTE,Retail Sales,EMD_EPD2D_PTE_R10_DPG,East Coast No 2 Diesel Retail Prices (Dollars per Gallon),3.031,$/GAL
2019-02-18,R10,PADD 1,EPD2D,No 2 Diesel,PTE,Retail Sales,EMD_EPD2D_PTE_R10_DPG,East Coast No 2 Diesel Retail Prices (Dollars per Gallon),3.073,$/GAL
2019-02-25,R10,PADD 1,EPD2D,No 2 Diesel,PTE,Retail Sales,EMD_EPD2D_PTE_R10_DPG,East Coast No 2 Diesel Retail Prices (Dollars per Gallon),3.094,$/GAL
2019-03-04,R10,PADD 1,EPD2D,No 2 Diesel,PTE,Retail Sales,EMD_EPD2D_PTE_R10_DPG,East Coast No 2 Diesel Retail Prices (Dollars per Gallon),3.119,$/GAL
2019-03-11,R10,PADD 1,EPD2D,No 2 Diesel,PTE,Retail Sales,EMD_EPD2D_PTE_R10_DPG,East Coast No 2 Diesel Retail Prices (Dollars per Gallon),3.123,$/GAL
2019-03-18,R10,PADD 1,EPD2D,No 2 Diesel,PTE,Retail Sales,EMD_EPD2D_PTE_R10_DPG,East Coast No 2 Diesel Retail Prices (Dollars per Gallon),3.124,$/GAL
2019-03-25,R10,PADD 1,EPD2D,No 2 Diesel,PTE,Retail Sales,EMD_EPD2D_PTE_R10_DPG,East Coast No 2 Diesel Retail Prices (Dollars per Gallon),3.132,$/GAL
2019-04-01,R10,PADD 1,EPD2D,No 2 Diesel,PTE,Retail Sales,EMD_EPD2D_PTE_R10_DPG,East Coast No 2 Diesel Retail Prices (Dollars per Gallon),3.127,$/GAL
2019-04-08,R10,PADD 1,EPD2D,No 2 Diesel,PTE,Retail Sales,EMD_EPD2D_PTE_R10_DPG,East Coast No 2 Diesel Retail Prices (Dollars per Gallon),3.137,$/GAL
2019-04-15,R10,PADD 1,EPD2D,No 2 Diesel,PTE,Retail Sales,EMD_EPD2D_PTE_R10_DPG,East Coast No 2 Diesel Retail Prices (Dollars per Gallon),3.153,$/GAL
2019-04-22,R10,PADD 1,EPD2D,No 2 Diesel,PTE,Retail Sales,EMD_EPD2D_PTE_R10_DPG,East Coast No 2 Diesel Retail Prices (Dollars per Gallon),3.174,$/GAL
2019-04-29,R10,PADD 1,EPD2D,No 2 Diesel,PTE,Retail Sales,EMD_EPD2D_PTE_R10_DPG,East Coast No 2 Diesel Retail Prices (Dollars per Gallon),3.194,$/GAL
2019-05-06,R10,PADD 1,EPD2D,No 2 Diesel,PTE,Retail Sales,EMD_EPD2D_PTE_R10_DPG,East Coast No 2 Diesel Retail Prices (Dollars per Gallon),3.19,$/GAL
2019-05-13,R10,PADD 1,EPD2D,No 2 Diesel,PTE,Retail Sales,EMD_EPD2D_PTE_R10_DPG,East Coast No 2 Diesel Retail Prices (Dollars per Gallon),3.176,$/GAL
2019-05-20,R10,PADD 1,EPD2D,No 2 Diesel,PTE,Retail Sales,EMD_EPD2D_PTE_R10_DPG,East Coast No 2 Diesel Retail Prices (Dollars per Gallon),3.176,$/GAL
2019-05-27,R10,PADD 1,EPD2D,No 2 Diesel,PTE,Retail Sales,EMD_EPD2D_PTE_R10_DPG,East Coast No 2 Diesel Retail Prices (Dollars per Gallon),3.164,$/GAL
2019-06-03,R10,PADD 1,EPD2D,No 2 Diesel,PTE,Retail Sales,EMD_EPD2D_PTE_R10_DPG,East Coast No 2 Diesel Retail Prices (Dollars per Gallon),3.153,$/GAL
2019-06-10,R10,PADD 1,EPD2D,No 2 Diesel,PTE,Retail Sales,EMD_EPD2D_PTE_R10_DPG,East Coast No 2 Diesel Retail Prices (Dollars per Gallon),3.125,$/GAL
2019-06-17,R10,PADD 1,EPD2D,No 2 Diesel,PTE,Retail Sales,EMD_EPD2D_PTE_R10_DPG,East Coast No 2 Diesel Retail Prices (Dollars per Gallon),3.099,$/GAL
2019-06-24,R10,PADD 1,EPD2D,No 2 Diesel,PTE,Retail Sales,EMD_EPD2D_PTE_R10_DPG,East Coast No 2 Diesel Retail Prices (Dollars per Gallon),3.079,$/GAL
2019-07-01,R10,PADD 1,EPD2D,No 2 Diesel,PTE,Retail Sales,EMD_EPD2D_PTE_R10_DPG,East Coast No 2 Diesel Retail Prices (Dollars per Gallon),3.08,$/GAL
2019-07-08,R10,PADD 1,EPD2D,No 2 Diesel,PTE,Retail Sales,EMD_EPD2D_PTE_R10_DPG,East Coast No 2 Diesel Retail Prices (Dollars per Gallon),3.081,$/GAL
2019-07-15,R10,PADD 1,EPD2D,No 2 Diesel,PTE,Retail Sales,EMD_EPD2D_PTE_R10_DPG,East Coast No 2 Diesel Retail Prices (Dollars per Gallon),3.08,$/GAL
2019-07-22,R10,PADD 1,EPD2D,No 2 Diesel,PTE,Retail Sales,EMD_EPD2D_PTE_R10_DPG,East Coast No 2 Diesel Retail Prices (Dollars per Gallon),3.072,$/GAL
2019-07-29,R10,PADD 1,EPD2D,No 2 Diesel,PTE,Retail Sales,EMD_EPD2D_PTE_R10_DPG,East Coast No 2 Diesel Retail Prices (Dollars per Gallon),3.059,$/GAL
2019-08-05,R10,PADD 1,EPD2D,No 2 Diesel,PTE,Retail Sales,EMD_EPD2D_PTE_R10_DPG,East Coast No 2 Diesel Retail Prices (Dollars per Gallon),3.055,$/GAL
2019-08-12,R10,PADD 1,EPD2D,No 2 Diesel,PTE,Retail Sales,EMD_EPD2D_PTE_R10_DPG,East Coast No 2 Diesel Retail Prices (Dollars per Gallon),3.034,$/GAL
2019-08-19,R10,PADD 1,EPD2D,No 2 Diesel,PTE,Retail Sales,EMD_EPD2D_PTE_R10_DPG,East Coast No 2 Diesel Retail Prices (Dollars per Gallon),3.019,$/GAL
2019-08-26,R10,PADD 1,EPD2D,No 2 Diesel,PTE,Retail Sales,EMD_EPD2D_PTE_R10_DPG,East Coast No 2 Diesel Retail Prices (Dollars per Gallon),3.003,$/GAL
2019-09-02,R10,PADD 1,EPD2D,No 2 Diesel,PTE,Retail Sales,EMD_EPD2D_PTE_R10_DPG,East Coast No 2 Diesel Retail Prices (Dollars per Gallon),3.0,$/GAL
2019-09-09,R10,PADD 1,EPD2D,No 2 Diesel,PTE,Retail Sales,EMD_EPD2D_PTE_R10_DPG,East Coast No 2 Diesel Retail Prices (Dollars per Gallon),2.992,$/GAL
2019-09-16,R10,PADD 1,EPD2D,No 2 Diesel,PTE,Retail Sales,EMD_EPD2D_PTE_R10_DPG,East Coast No 2 Diesel Retail Prices (Dollars per Gallon),2.998,$/GAL
2019-09-23,R10,PADD 1,EPD2D,No 2 Diesel,PTE,Retail Sales,EMD_EPD2D_PTE_R10_DPG,East Coast No 2 Diesel Retail Prices (Dollars per Gallon),3.083,$/GAL
2019-09-30,R10,PADD 1,EPD2D,No 2 Diesel,PTE,Retail Sales,EMD_EPD2D_PTE_R10_DPG,East Coast No 2 Diesel Retail Prices (Dollars per Gallon),3.065,$/GAL
2019-10-07,R10,PADD 1,EPD2D,No 2 Diesel,PTE,Retail Sales,EMD_EPD2D_PTE_R10_DPG,East Coast No 2 Diesel Retail Prices (Dollars per Gallon),3.041,$/GAL
2019-10-14,R10,PADD 1,EPD2D,No 2 Diesel,PTE,Retail Sales,EMD_EPD2D_PTE_R10_DPG,East Coast No 2 Diesel Retail Prices (Dollars per Gallon),3.044,$/GAL
2019-10-21,R10,PADD 1,EPD2D,No 2 Diesel,PTE,Retail Sales,EMD_EPD2D_PTE_R10_DPG,East Coast No 2 Diesel Retail Prices (Dollars per Gallon),3.045,$/GAL
2019-10-28,R10,PADD 1,EPD2D,No 2 Diesel,PTE,Retail Sales,EMD_EPD2D_PTE_R10_DPG,East Coast No 2 Diesel Retail Prices (Dollars per Gallon),3.056,$/GAL
2019-11-04,R10,PADD 1,EPD2D,No 2 Diesel,PTE,Retail Sales,EMD_EPD2D_PTE_R10_DPG,East Coast No 2 Diesel Retail Prices (Dollars per Gallon),3.041,$/GAL
2019-11-11,R10,PADD 1,EPD2D,No 2 Diesel,PTE,Retail Sales,EMD_EPD2D_PTE_R10_DPG,East Coast No 2 Diesel Retail Prices (Dollars per Gallon),3.05,$/GAL
2019-11-18,R10,PADD 1,EPD2D,No 2 Diesel,PTE,Retail Sales,EMD_EPD2D_PTE_R10_DPG,East Coast No 2 Diesel Retail Prices (Dollars per Gallon),3.053,$/GAL
2019-11-25,R10,PADD 1,EPD2D,No 2 Diesel,PTE,Retail Sales,EMD_EPD2D_PTE_R10_DPG,East Coast No 2 Diesel Retail Prices (Dollars per Gallon),3.054,$/GAL
2019-12-02,R10,PADD 1,EPD2D,No 2 Diesel,PTE,Retail Sales,EMD_EPD2D_PTE_R10_DPG,East Coast No 2 Diesel Retail Prices (Dollars per Gallon),3.059,$/GAL
2019-12-09,R10,PADD 1,EPD2D,No 2 Diesel,PTE,Retail Sales,EMD_EPD2D_PTE_R10_DPG,East Coast No 2 Diesel Retail Prices (Dollars per Gallon),3.05,$/GAL
2019-12-16,R10,PADD 1,EPD2D,No 2 Diesel,PTE,Retail Sales,EMD_EPD2D_PTE_R10_DPG,East Coast No 2 Diesel Retail Prices (Dollars per Gallon),3.053,$/GAL
2019-12-23,R10,PADD 1,EPD2D,No 2 Diesel,PTE,Retail Sales,EMD_EPD2D_PTE_R10_DPG,East Coast No 2 Diesel Retail Prices (Dollars per Gallon),3.052,$/GAL
2019-12-30,R10,PADD 1,EPD2D,No 2 Diesel,PTE,Retail Sales,EMD_EPD2D_PTE_R10_DPG,East Coast No 2 Diesel Retail Prices (Dollars per Gallon),3.096,$/GAL
2020-01-06,R10,PADD 1,EPD2D,No 2 Diesel,PTE,Retail Sales,EMD_EPD2D_PTE_R10_DPG,East Coast No 2 Diesel Retail Prices (Dollars per Gallon),3.12,$/GAL
2020-01-13,R10,PADD 1,EPD2D,No 2 Diesel,PTE,Retail Sales,EMD_EPD2D_PTE_R10_DPG,East Coast No 2 Diesel Retail Prices (Dollars per Gallon),3.111,$/GAL
2020-01-20,R10,PADD 1,EPD2D,No 2 Diesel,PTE,Retail Sales,EMD_EPD2D_PTE_R10_DPG,East Coast No 2 Diesel Retail Prices (Dollars per Gallon),3.075,$/GAL
2020-01-27,R10,PADD 1,EPD2D,No 2 Diesel,PTE,Retail Sales,EMD_EPD2D_PTE_R10_DPG,East Coast No 2 Diesel Retail Prices (Dollars per Gallon),3.047,$/GAL
2020-02-03,R10,PADD 1,EPD2D,No 2 Diesel,PTE,Retail Sales,EMD_EPD2D_PTE_R10_DPG,East Coast No 2 Diesel Retail Prices (Dollars per Gallon),3.003,$/GAL
2020-02-10,R10,PADD 1,EPD2D,No 2 Diesel,PTE,Retail Sales,EMD_EPD2D_PTE_R10_DPG,East Coast No 2 Diesel Retail Prices (Dollars per Gallon),2.962,$/GAL
2020-02-17,R10,PADD 1,EPD2D,No 2 Diesel,PTE,Retail Sales,EMD_EPD2D_PTE_R10_DPG,East Coast No 2 Diesel Retail Prices (Dollars per Gallon),2.94,$/GAL
2020-02-24,R10,PADD 1,EPD2D,No 2 Diesel,PTE,Retail Sales,EMD_EPD2D_PTE_R10_DPG,East Coast No 2 Diesel Retail Prices (Dollars per Gallon),2.931,$/GAL
2020-03-02,R10,PADD 1,EPD2D,No 2 Diesel,PTE,Retail Sales,EMD_EPD2D_PTE_R10_DPG,East Coast No 2 Diesel Retail Prices (Dollars per Gallon),2.898,$/GAL
2020-03-09,R10,PADD 1,EPD2D,No 2 Diesel,PTE,Retail Sales,EMD_EPD2D_PTE_R10_DPG,East Coast No 2 Diesel Retail Prices (Dollars per Gallon),2.86,$/GAL
2020-03-16,R10,PADD 1,EPD2D,No 2 Diesel,PTE,Retail Sales,EMD_EPD2D_PTE_R10_DPG,East Coast No 2 Diesel Retail Prices (Dollars per Gallon),2.789,$/GAL
2020-03-23,R10,PADD 1,EPD2D,No 2 Diesel,PTE,Retail Sales,EMD_EPD2D_PTE_R10_DPG,East Coast No 2 Diesel Retail Prices (Dollars per Gallon),2.724,$/GAL
2020-03-30,R10,PADD 1,EPD2D,No 2 Diesel,PTE,Retail Sales,EMD_EPD2D_PTE_R10_DPG,East Coast No 2 Diesel Retail Prices (Dollars per Gallon),2.671,$/GAL
2020-04-06,R10,PADD 1,EPD2D,No 2 Diesel,PTE,Retail Sales,EMD_EPD2D_PTE_R10_DPG,East Coast No 2 Diesel Retail Prices (Dollars per Gallon),2.634,$/GAL
2020-04-13,R10,PADD 1,EPD2D,No 2 Diesel,PTE,Retail Sales,EMD_EPD2D_PTE_R10_DPG,East Coast No 2 Diesel Retail Prices (Dollars per Gallon),2.599,$/GAL
2020-04-20,R10,PADD 1,EPD2D,No 2 Diesel,PTE,Retail Sales,EMD_EPD2D_PTE_R10_DPG,East Coast No 2 Diesel Retail Prices (Dollars per Gallon),2.576,$/GAL
2020-04-27,R10,PADD 1,EPD2D,No 2 Diesel,PTE,Retail Sales,EMD_EPD2D_PTE_R10_DPG,East Coast No 2 Diesel Retail Prices (Dollars per Gallon),2.545,$/GAL
2020-05-04,R10,PADD 1,EPD2D,No 2 Diesel,PTE,Retail Sales,EMD_EPD2D_PTE_R10_DPG,East Coast No 2 Diesel Retail Prices (Dollars per Gallon),2.51,$/GAL
2020-05-11,R10,PADD 1,EPD2D,No 2 Diesel,PTE,Retail Sales,EMD_EPD2D_PTE_R10_DPG,East Coast No 2 Diesel Retail Prices (Dollars per Gallon),2.498,$/GAL
2020-05-18,R10,PADD 1,EPD2D,No 2 Diesel,PTE,Retail Sales,EMD_EPD2D_PTE_R10_DPG,East Coast No 2 Diesel Retail Prices (Dollars per Gallon),2.491,$/GAL
2020-05-25,R10,PADD 1,EPD2D,No 2 Diesel,PTE,Retail Sales,EMD_EPD2D_PTE_R10_DPG,East Coast No 2 Diesel Retail Prices (Dollars per Gallon),2.498,$/GAL
2020-06-01,R10,PADD 1,EPD2D,No 2 Diesel,PTE,Retail Sales,EMD_EPD2D_PTE_R10_DPG,East Coast No 2 Diesel Retail Prices (Dollars per Gallon),2.492,$/GAL
2020-06-08,R10,PADD 1,EPD2D,No 2 Diesel,PTE,Retail Sales,EMD_EPD2D_PTE_R10_DPG,East Coast No 2 Diesel Retail Prices (Dollars per Gallon),2.501,$/GAL
2020-06-15,R10,PADD 1,EPD2D,No 2 Diesel,PTE,Retail Sales,EMD_EPD2D_PTE_R10_DPG,East Coast No 2 Diesel Retail Prices (Dollars per Gallon),2.501,$/GAL
2020-06-22,R10,PADD 1,EPD2D,No 2 Diesel,PTE,Retail Sales,EMD_EPD2D_PTE_R10_DPG,East Coast No 2 Diesel Retail Prices (Dollars per Gallon),2.515,$/GAL
2020-06-29,R10,PADD 1,EPD2D,No 2 Diesel,PTE,Retail Sales,EMD_EPD2D_PTE_R10_DPG,East Coast No 2 Diesel Retail Prices (Dollars per Gallon),2.524,$/GAL
2020-07-06,R10,PADD 1,EPD2D,No 2 Diesel,PTE,Retail Sales,EMD_EPD2D_PTE_R10_DPG,East Coast No 2 Diesel Retail Prices (Dollars per Gallon),2.527,$/GAL
2020-07-13,R10,PADD 1,EPD2D,No 2 Diesel,PTE,Retail Sales,EMD_EPD2D_PTE_R10_DPG,East Coast No 2 Diesel Retail Prices (Dollars per Gallon),2.531,$/GAL
2020-07-20,R10,PADD 1,EPD2D,No 2 Diesel,PTE,Retail Sales,EMD_EPD2D_PTE_R10_DPG,East Coast No 2 Diesel Retail Prices (Dollars per Gallon),2.52,$/GAL
2020-07-27,R10,PADD 1,EPD2D,No 2 Diesel,PTE,Retail Sales,EMD_EPD2D_PTE_R10_DPG,East Coast No 2 Diesel Retail Prices (Dollars per Gallon),2.519,$/GAL
2020-08-03,R10,PADD 1,EPD2D,No 2 Diesel,PTE,Retail Sales,EMD_EPD2D_PTE_R10_DPG,East Coast No 2 Diesel Retail Prices (Dollars per Gallon),2.517,$/GAL
2020-08-10,R10,PADD 1,EPD2D,No 2 Diesel,PTE,Retail Sales,EMD_EPD2D_PTE_R10_DPG,East Coast No 2 Diesel Retail Prices (Dollars per Gallon),2.514,$/GAL
2020-08-17,R10,PADD 1,EPD2D,No 2 Diesel,PTE,Retail Sales,EMD_EPD2D_PTE_R10_DPG,East Coast No 2 Diesel Retail Prices (Dollars per Gallon),2.508,$/GAL
2020-08-24,R10,PADD 1,EPD2D,No 2 Diesel,PTE,Retail Sales,EMD_EPD2D_PTE_R10_DPG,East Coast No 2 Diesel Retail Prices (Dollars per Gallon),2.506,$/GAL
2020-08-31,R10,PADD 1,EPD2D,No 2 Diesel,PTE,Retail Sales,EMD_EPD2D_PTE_R10_DPG,East Coast No 2 Diesel Retail Prices (Dollars per Gallon),2.519,$/GAL
2020-09-07,R10,PADD 1,EPD2D,No 2 Diesel,PTE,Retail Sales,EMD_EPD2D_PTE_R10_DPG,East Coast No 2 Diesel Retail Prices (Dollars per Gallon),2.511,$/GAL
2020-09-14,R10,PADD 1,EPD2D,No 2 Diesel,PTE,Retail Sales,EMD_EPD2D_PTE_R10_DPG,East Coast No 2 Diesel Retail Prices (Dollars per Gallon),2.499,$/GAL
2020-09-21,R10,PADD 1,EPD2D,No 2 Diesel,PTE,Retail Sales,EMD_EPD2D_PTE_R10_DPG,East Coast No 2 Diesel Retail Prices (Dollars per Gallon),2.486,$/GAL
2020-09-28,R10,PADD 1,EPD2D,No 2 Diesel,PTE,Retail Sales,EMD_EPD2D_PTE_R10_DPG,East Coast No 2 Diesel Retail Prices (Dollars per Gallon),2.473,$/GAL
2020-10-05,R10,PADD 1,EPD2D,No 2 Diesel,PTE,Retail Sales,EMD_EPD2D_PTE_R10_DPG,East Coast No 2 Diesel Retail Prices (Dollars per Gallon),2.473,$/GAL
2020-10-12,R10,PADD 1,EPD2D,No 2 Diesel,PTE,Retail Sales,EMD_EPD2D_PTE_R10_DPG,East Coast No 2 Diesel Retail Prices (Dollars per Gallon),2.473,$/GAL
2020-10-19,R10,PADD 1,EPD2D,No 2 Diesel,PTE,Retail Sales,EMD_EPD2D_PTE_R10_DPG,East Coast No 2 Diesel Retail Prices (Dollars per Gallon),2.465,$/GAL
2020-10-26,R10,PADD 1,EPD2D,No 2 Diesel,PTE,Retail Sales,EMD_EPD2D_PTE_R10_DPG,East Coast No 2 Diesel Retail Prices (Dollars per Gallon),2.461,$/GAL
2020-11-02,R10,PADD 1,EPD2D,No 2 Diesel,PTE,Retail Sales,EMD_EPD2D_PTE_R10_DPG,East Coast No 2 Diesel Retail Prices (Dollars per Gallon),2.444,$/GAL
2020-11-09,R10,PADD 1,EPD2D,No 2 Diesel,PTE,Retail Sales,EMD_EPD2D_PTE_R10_DPG,East Coast No 2 Diesel Retail Prices (Dollars per Gallon),2.45,$/GAL
2020-11-16,R10,PADD 1,EPD2D,No 2 Diesel,PTE,Retail Sales,EMD_EPD2D_PTE_R10_DPG,East Coast No 2 Diesel Retail Prices (Dollars per Gallon),2.487,$/GAL
2020-11-23,R10,PADD 1,EPD2D,No 2 Diesel,PTE,Retail Sales,EMD_EPD2D_PTE_R10_DPG,East Coast No 2 Diesel Retail Prices (Dollars per Gallon),2.506,$/GAL
2020-11-30,R10,PADD 1,EPD2D,No 2 Diesel,PTE,Retail Sales,EMD_EPD2D_PTE_R10_DPG,East Coast No 2 Diesel Retail Prices (Dollars per Gallon),2.54,$/GAL
2020-12-07,R10,PADD 1,EPD2D,No 2 Diesel,PTE,Retail Sales,EMD_EPD2D_PTE_R10_DPG,East Coast No 2 Diesel Retail Prices (Dollars per Gallon),2.573,$/GAL
2020-12-14,R10,PADD 1,EPD2D,No 2 Diesel,PTE,Retail Sales,EMD_EPD2D_PTE_R10_DPG,East Coast No 2 Diesel Retail Prices (Dollars per Gallon),2.603,$/GAL
2020-12-21,R10,PADD 1,EPD2D,No 2 Diesel,PTE,Retail Sales,EMD_EPD2D_PTE_R10_DPG,East Coast No 2 Diesel Retail Prices (Dollars per Gallon),2.652,$/GAL
2020-12-28,R10,PADD 1,EPD2D,No 2 Diesel,PTE,Retail Sales,EMD_EPD2D_PTE_R10_DPG,East Coast No 2 Diesel Retail Prices (Dollars per Gallon),2.659,$/GAL
2021-01-04,R10,PADD 1,EPD2D,No 2 Diesel,PTE,Retail Sales,EMD_EPD2D_PTE_R10_DPG,East Coast No 2 Diesel Retail Prices (Dollars per Gallon),2.667,$/GAL
2021-01-11,R10,PADD 1,EPD2D,No 2 Diesel,PTE,Retail Sales,EMD_EPD2D_PTE_R10_DPG,East Coast No 2 Diesel Retail Prices (Dollars per Gallon),2.719,$/GAL
2021-01-18,R10,PADD 1,EPD2D,No 2 Diesel,PTE,Retail Sales,EMD_EPD2D_PTE_R10_DPG,East Coast No 2 Diesel Retail Prices (Dollars per Gallon),2.747,$/GAL
2021-01-25,R10,PADD 1,EPD2D,No 2 Diesel,PTE,Retail Sales,EMD_EPD2D_PTE_R10_DPG,East Coast No 2 Diesel Retail Prices (Dollars per Gallon),2.763,$/GAL
2021-02-01,R10,PADD 1,EPD2D,No 2 Diesel,PTE,Retail Sales,EMD_EPD2D_PTE_R10_DPG,East Coast No 2 Diesel Retail Prices (Dollars per Gallon),2.791,$/GAL
2021-02-08,R10,PADD 1,EPD2D,No 2 Diesel,PTE,Retail Sales,EMD_EPD2D_PTE_R10_DPG,East Coast No 2 Diesel Retail Prices (Dollars per Gallon),2.845,$/GAL
2021-02-15,R10,PADD 1,EPD2D,No 2 Diesel,PTE,Retail Sales,EMD_EPD2D_PTE_R10_DPG,East Coast No 2 Diesel Retail Prices (Dollars per Gallon),2.898,$/GAL
2021-02-22,R10,PADD 1,EPD2D,No 2 Diesel,PTE,Retail Sales,EMD_EPD2D_PTE_R10_DPG,East Coast No 2 Diesel Retail Prices (Dollars per Gallon),3.001,$/GAL
2021-03-01,R10,PADD 1,EPD2D,No 2 Diesel,PTE,Retail Sales,EMD_EPD2D_PTE_R10_DPG,East Coast No 2 Diesel Retail Prices (Dollars per Gallon),3.083,$/GAL
2021-03-08,R10,PADD 1,EPD2D,No 2 Diesel,PTE,Retail Sales,EMD_EPD2D_PTE_R10_DPG,East Coast No 2 Diesel Retail Prices (Dollars per Gallon),3.116,$/GAL
2021-03-15,R10,PADD 1,EPD2D,No 2 Diesel,PTE,Retail Sales,EMD_EPD2D_PTE_R10_DPG,East Coast No 2 Diesel Retail Prices (Dollars per Gallon),3.148,$/GAL
2021-03-22,R10,PADD 1,EPD2D,No 2 Diesel,PTE,Retail Sales,EMD_EPD2D_PTE_R10_DPG,East Coast No 2 Diesel Retail Prices (Dollars per Gallon),3.152,$/GAL
2021-03-29,R10,PADD 1,EPD2D,No 2 Diesel,PTE,Retail Sales,EMD_EPD2D_PTE_R10_DPG,East Coast No 2 Diesel Retail Prices (Dollars per Gallon),3.13,$/GAL
2021-04-05,R10,PADD 1,EPD2D,No 2 Diesel,PTE,Retail Sales,EMD_EPD2D_PTE_R10_DPG,East Coast No 2 Diesel Retail Prices (Dollars per Gallon),3.114,$/GAL
2021-04-12,R10,PADD 1,EPD2D,No 2 Diesel,PTE,Retail Sales,EMD_EPD2D_PTE_R10_DPG,East Coast No 2 Diesel Retail Prices (Dollars per Gallon),3.1,$/GAL
2021-04-19,R10,PADD 1,EPD2D,No 2 Diesel,PTE,Retail Sales,EMD_EPD2D_PTE_R10_DPG,East Coast No 2 Diesel Retail Prices (Dollars per Gallon),3.096,$/GAL
2021-04-26,R10,PADD 1,EPD2D,No 2 Diesel,PTE,Retail Sales,EMD_EPD2D_PTE_R10_DPG,East Coast No 2 Diesel Retail Prices (Dollars per Gallon),3.093,$/GAL
2021-05-03,R10,PADD 1,EPD2D,No 2 Diesel,PTE,Retail Sales,EMD_EPD2D_PTE_R10_DPG,East Coast No 2 Diesel Retail Prices (Dollars per Gallon),3.113,$/GAL
2021-05-10,R10,PADD 1,EPD2D,No 2 Diesel,PTE,Retail Sales,EMD_EPD2D_PTE_R10_DPG,East Coast No 2 Diesel Retail Prices (Dollars per Gallon),3.16,$/GAL
2021-05-17,R10,PADD 1,EPD2D,No 2 Diesel,PTE,Retail Sales,EMD_EPD2D_PTE_R10_DPG,East Coast No 2 Diesel Retail Prices (Dollars per Gallon),3.228,$/GAL
2021-05-24,R10,PADD 1,EPD2D,No 2 Diesel,PTE,Retail Sales,EMD_EPD2D_PTE_R10_DPG,East Coast No 2 Diesel Retail Prices (Dollars per Gallon),3.235,$/GAL
2021-05-31,R10,PADD 1,EPD2D,No 2 Diesel,PTE,Retail Sales,EMD_EPD2D_PTE_R10_DPG,East Coast No 2 Diesel Retail Prices (Dollars per Gallon),3.239,$/GAL
2021-06-07,R10,PADD 1,EPD2D,No 2 Diesel,PTE,Retail Sales,EMD_EPD2D_PTE_R10_DPG,East Coast No 2 Diesel Retail Prices (Dollars per Gallon),3.259,$/GAL
2021-06-14,R10,PADD 1,EPD2D,No 2 Diesel,PTE,Retail Sales,EMD_EPD2D_PTE_R10_DPG,East Coast No 2 Diesel Retail Prices (Dollars per Gallon),3.275,$/GAL
2021-06-21,R10,PADD 1,EPD2D,No 2 Diesel,PTE,Retail Sales,EMD_EPD2D_PTE_R10_DPG,East Coast No 2 Diesel Retail Prices (Dollars per Gallon),3.275,$/GAL
2021-06-28,R10,PADD 1,EPD2D,No 2 Diesel,PTE,Retail Sales,EMD_EPD2D_PTE_R10_DPG,East Coast No 2 Diesel Retail Prices (Dollars per Gallon),3.29,$/GAL
2021-07-05,R10,PADD 1,EPD2D,No 2 Diesel,PTE,Retail Sales,EMD_EPD2D_PTE_R10_DPG,East Coast No 2 Diesel Retail Prices (Dollars per Gallon),3.306,$/GAL
2021-07-12,R10,PADD 1,EPD2D,No 2 Diesel,PTE,Retail Sales,EMD_EPD2D_PTE_R10_DPG,East Coast No 2 Diesel Retail Prices (Dollars per Gallon),3.312,$/GAL
2021-07-19,R10,PADD 1,EPD2D,No 2 Diesel,PTE,Retail Sales,EMD_EPD2D_PTE_R10_DPG,East Coast No 2 Diesel Retail Prices (Dollars per Gallon),3.312,$/GAL
2021-07-26,R10,PADD 1,EPD2D,No 2 Diesel,PTE,Retail Sales,EMD_EPD2D_PTE_R10_DPG,East Coast No 2 Diesel Retail Prices (Dollars per Gallon),3.311,$/GAL
2021-08-02,R10,PADD 1,EPD2D,No 2 Diesel,PTE,Retail Sales,EMD_EPD2D_PTE_R10_DPG,East Coast No 2 Diesel Retail Prices (Dollars per Gallon),3.332,$/GAL
2021-08-09,R10,PADD 1,EPD2D,No 2 Diesel,PTE,Retail Sales,EMD_EPD2D_PTE_R10_DPG,East Coast No 2 Diesel Retail Prices (Dollars per Gallon),3.328,$/GAL
2021-08-16,R10,PADD 1,EPD2D,No 2 Diesel,PTE,Retail Sales,EMD_EPD2D_PTE_R10_DPG,East Coast No 2 Diesel Retail Prices (Dollars per Gallon),3.316,$/GAL
2021-08-23,R10,PADD 1,EPD2D,No 2 Diesel,PTE,Retail Sales,EMD_EPD2D_PTE_R10_DPG,East Coast No 2 Diesel Retail Prices (Dollars per Gallon),3.297,$/GAL
2021-08-30,R10,PADD 1,EPD2D,No 2 Diesel,PTE,Retail Sales,EMD_EPD2D_PTE_R10_DPG,East Coast No 2 Diesel Retail Prices (Dollars per Gallon),3.306,$/GAL
2021-09-06,R10,PADD 1,EPD2D,No 2 Diesel,PTE,Retail Sales,EMD_EPD2D_PTE_R10_DPG,East Coast No 2 Diesel Retail Prices (Dollars per Gallon),3.332,$/GAL
2021-09-13,R10,PADD 1,EPD2D,No 2 Diesel,PTE,Retail Sales,EMD_EPD2D_PTE_R10_DPG,East Coast No 2 Diesel Retail Prices (Dollars per Gallon),3.337,$/GAL
2021-09-20,R10,PADD 1,EPD2D,No 2 Diesel,PTE,Retail Sales,EMD_EPD2D_PTE_R10_DPG,East Coast No 2 Diesel Retail Prices (Dollars per Gallon),3.352,$/GAL
2021-09-27,R10,PADD 1,EPD2D,No 2 Diesel,PTE,Retail Sales,EMD_EPD2D_PTE_R10_DPG,East Coast No 2 Diesel Retail Prices (Dollars per Gallon),3.371,$/GAL
2021-10-04,R10,PADD 1,EPD2D,No 2 Diesel,PTE,Retail Sales,EMD_EPD2D_PTE_R10_DPG,East Coast No 2 Diesel Retail Prices (Dollars per Gallon),3.436,$/GAL
2021-10-11,R10,PADD 1,EPD2D,No 2 Diesel,PTE,Retail Sales,EMD_EPD2D_PTE_R10_DPG,East Coast No 2 Diesel Retail Prices (Dollars per Gallon),3.562,$/GAL
2021-10-18,R10,PADD 1,EPD2D,No 2 Diesel,PTE,Retail Sales,EMD_EPD2D_PTE_R10_DPG,East Coast No 2 Diesel Retail Prices (Dollars per Gallon),3.655,$/GAL
2021-10-25,R10,PADD 1,EPD2D,No 2 Diesel,PTE,Retail Sales,EMD_EPD2D_PTE_R10_DPG,East Coast No 2 Diesel Retail Prices (Dollars per Gallon),3.704,$/GAL
2021-11-01,R10,PADD 1,EPD2D,No 2 Diesel,PTE,Retail Sales,EMD_EPD2D_PTE_R10_DPG,East Coast No 2 Diesel Retail Prices (Dollars per Gallon),3.717,$/GAL
2021-11-08,R10,PADD 1,EPD2D,No 2 Diesel,PTE,Retail Sales,EMD_EPD2D_PTE_R10_DPG,East Coast No 2 Diesel Retail Prices (Dollars per Gallon),3.712,$/GAL
2021-11-15,R10,PADD 1,EPD2D,No 2 Diesel,PTE,Retail Sales,EMD_EPD2D_PTE_R10_DPG,East Coast No 2 Diesel Retail Prices (Dollars per Gallon),3.707,$/GAL
2021-11-22,R10,PADD 1,EPD2D,No 2 Diesel,PTE,Retail Sales,EMD_EPD2D_PTE_R10_DPG,East Coast No 2 Diesel Retail Prices (Dollars per Gallon),3.69,$/GAL
2021-11-29,R10,PADD 1,EPD2D,No 2 Diesel,PTE,Retail Sales,EMD_EPD2D_PTE_R10_DPG,East Coast No 2 Diesel Retail Prices (Dollars per Gallon),3.684,$/GAL
2021-12-06,R10,PADD 1,EPD2D,No 2 Diesel,PTE,Retail Sales,EMD_EPD2D_PTE_R10_DPG,East Coast No 2 Diesel Retail Prices (Dollars per Gallon),3.658,$/GAL
2021-12-13,R10,PADD 1,EPD2D,No 2 Diesel,PTE,Retail Sales,EMD_EPD2D_PTE_R10_DPG,East Coast No 2 Diesel Retail Prices (Dollars per Gallon),3.633,$/GAL
2021-12-20,R10,PADD 1,EPD2D,No 2 Diesel,PTE,Retail Sales,EMD_EPD2D_PTE_R10_DPG,East Coast No 2 Diesel Retail Prices (Dollars per Gallon),3.611,$/GAL
2021-12-27,R10,PADD 1,EPD2D,No 2 Diesel,PTE,Retail Sales,EMD_EPD2D_PTE_R10_DPG,East Coast No 2 Diesel Retail Prices (Dollars per Gallon),3.602,$/GAL
2022-01-03,R10,PADD 1,EPD2D,No 2 Diesel,PTE,Retail Sales,EMD_EPD2D_PTE_R10_DPG,East Coast No 2 Diesel Retail Prices (Dollars per Gallon),3.604,$/GAL
2022-01-10,R10,PADD 1,EPD2D,No 2 Diesel,PTE,Retail Sales,EMD_EPD2D_PTE_R10_DPG,East Coast No 2 Diesel Retail Prices (Dollars per Gallon),3.645,$/GAL
2022-01-17,R10,PADD 1,EPD2D,No 2 Diesel,PTE,Retail Sales,EMD_EPD2D_PTE_R10_DPG,East Coast No 2 Diesel Retail Prices (Dollars per Gallon),3.719,$/GAL
2022-01-24,R10,PADD 1,EPD2D,No 2 Diesel,PTE,Retail Sales,EMD_EPD2D_PTE_R10_DPG,East Coast No 2 Diesel Retail Prices (Dollars per Gallon),3.781,$/GAL
2022-01-31,R10,PADD 1,EPD2D,No 2 Diesel,PTE,Retail Sales,EMD_EPD2D_PTE_R10_DPG,East Coast No 2 Diesel Retail Prices (Dollars per Gallon),3.852,$/GAL
2022-02-07,R10,PADD 1,EPD2D,No 2 Diesel,PTE,Retail Sales,EMD_EPD2D_PTE_R10_DPG,East Coast No 2 Diesel Retail Prices (Dollars per Gallon),3.971,$/GAL
2022-02-14,R10,PADD 1,EPD2D,No 2 Diesel,PTE,Retail Sales,EMD_EPD2D_PTE_R10_DPG,East Coast No 2 Diesel Retail Prices (Dollars per Gallon),4.063,$/GAL
2022-02-21,R10,PADD 1,EPD2D,No 2 Diesel,PTE,Retail Sales,EMD_EPD2D_PTE_R10_DPG,East Coast No 2 Diesel Retail Prices (Dollars per Gallon),4.112,$/GAL
2022-02-28,R10,PADD 1,EPD2D,No 2 Diesel,PTE,Retail Sales,EMD_EPD2D_PTE_R10_DPG,East Coast No 2 Diesel Retail Prices (Dollars per Gallon),4.161,$/GAL
2022-03-07,R10,PADD 1,EPD2D,No 2 Diesel,PTE,Retail Sales,EMD_EPD2D_PTE_R10_DPG,East Coast No 2 Diesel Retail Prices (Dollars per Gallon),4.97,$/GAL
2022-03-14,R10,PADD 1,EPD2D,No 2 Diesel,PTE,Retail Sales,EMD_EPD2D_PTE_R10_DPG,East Coast No 2 Diesel Retail Prices (Dollars per Gallon),5.334,$/GAL
2022-03-21,R10,PADD 1,EPD2D,No 2 Diesel,PTE,Retail Sales,EMD_EPD2D_PTE_R10_DPG,East Coast No 2 Diesel Retail Prices (Dollars per Gallon),5.179,$/GAL
2022-03-28,R10,PADD 1,EPD2D,No 2 Diesel,PTE,Retail Sales,EMD_EPD2D_PTE_R10_DPG,East Coast No 2 Diesel Retail Prices (Dollars per Gallon),5.249,$/GAL
2022-04-04,R10,PADD 1,EPD2D,No 2 Diesel,PTE,Retail Sales,EMD_EPD2D_PTE_R10_DPG,East Coast No 2 Diesel Retail Prices (Dollars per Gallon),5.206,$/GAL
2022-04-11,R10,PADD 1,EPD2D,No 2 Diesel,PTE,Retail Sales,EMD_EPD2D_PTE_R10_DPG,East Coast No 2 Diesel Retail Prices (Dollars per Gallon),5.128,$/GAL
2022-04-18,R10,PADD 1,EPD2D,No 2 Diesel,PTE,Retail Sales,EMD_EPD2D_PTE_R10_DPG,East Coast No 2 Diesel Retail Prices (Dollars per Gallon),5.151,$/GAL
2022-04-25,R10,PADD 1,EPD2D,No 2 Diesel,PTE,Retail Sales,EMD_EPD2D_PTE_R10_DPG,East Coast No 2 Diesel Retail Prices (Dollars per Gallon),5.209,$/GAL
2022-05-02,R10,PADD 1,EPD2D,No 2 Diesel,PTE,Retail Sales,EMD_EPD2D_PTE_R10_DPG,East Coast No 2 Diesel Retail Prices (Dollars per Gallon),5.701,$/GAL
2022-05-09,R10,PADD 1,EPD2D,No 2 Diesel,PTE,Retail Sales,EMD_EPD2D_PTE_R10_DPG,East Coast No 2 Diesel Retail Prices (Dollars per Gallon),5.907,$/GAL
2022-05-16,R10,PADD 1,EPD2D,No 2 Diesel,PTE,Retail Sales,EMD_EPD2D_PTE_R10_DPG,East Coast No 2 Diesel Retail Prices (Dollars per Gallon),5.944,$/GAL
2022-05-23,R10,PADD 1,EPD2D,No 2 Diesel,PTE,Retail Sales,EMD_EPD2D_PTE_R10_DPG,East Coast No 2 Diesel Retail Prices (Dollars per Gallon),5.905,$/GAL
2022-05-30,R10,PADD 1,EPD2D,No 2 Diesel,PTE,Retail Sales,EMD_EPD2D_PTE_R10_DPG,East Coast No 2 Diesel Retail Prices (Dollars per Gallon),5.848,$/GAL
2022-06-06,R10,PADD 1,EPD2D,No 2 Diesel,PTE,Retail Sales,EMD_EPD2D_PTE_R10_DPG,East Coast No 2 Diesel Retail Prices (Dollars per Gallon),5.922,$/GAL
2022-06-13,R10,PADD 1,EPD2D,No 2 Diesel,PTE,Retail Sales,EMD_EPD2D_PTE_R10_DPG,East Coast No 2 Diesel Retail Prices (Dollars per Gallon),5.852,$/GAL
2022-06-20,R10,PADD 1,EPD2D,No 2 Diesel,PTE,Retail Sales,EMD_EPD2D_PTE_R10_DPG,East Coast No 2 Diesel Retail Prices (Dollars per Gallon),5.883,$/GAL
2022-06-27,R10,PADD 1,EPD2D,No 2 Diesel,PTE,Retail Sales,EMD_EPD2D_PTE_R10_DPG,East Coast No 2 Diesel Retail Prices (Dollars per Gallon),5.814,$/GAL
2022-07-04,R10,PADD 1,EPD2D,No 2 Diesel,PTE,Retail Sales,EMD_EPD2D_PTE_R10_DPG,East Coast No 2 Diesel Retail Prices (Dollars per Gallon),5.713,$/GAL
2022-07-11,R10,PADD 1,EPD2D,No 2 Diesel,PTE,Retail Sales,EMD_EPD2D_PTE_R10_DPG,East Coast No 2 Diesel Retail Prices (Dollars per Gallon),5.6,$/GAL
2022-07-18,R10,PADD 1,EPD2D,No 2 Diesel,PTE,Retail Sales,EMD_EPD2D_PTE_R10_DPG,East Coast No 2 Diesel Retail Prices (Dollars per Gallon),5.467,$/GAL
2022-07-25,R10,PADD 1,EPD2D,No 2 Diesel,PTE,Retail Sales,EMD_EPD2D_PTE_R10_DPG,East Coast No 2 Diesel Retail Prices (Dollars per Gallon),5.299,$/GAL
2022-08-01,R10,PADD 1,EPD2D,No 2 Diesel,PTE,Retail Sales,EMD_EPD2D_PTE_R10_DPG,East Coast No 2 Diesel Retail Prices (Dollars per Gallon),5.181,$/GAL
2022-08-08,R10,PADD 1,EPD2D,No 2 Diesel,PTE,Retail Sales,EMD_EPD2D_PTE_R10_DPG,East Coast No 2 Diesel Retail Prices (Dollars per Gallon),5.037,$/GAL
2022-08-15,R10,PADD 1,EPD2D,No 2 Diesel,PTE,Retail Sales,EMD_EPD2D_PTE_R10_DPG,East Coast No 2 Diesel Retail Prices (Dollars per Gallon),4.95,$/GAL
2022-08-22,R10,PADD 1,EPD2D,No 2 Diesel,PTE,Retail Sales,EMD_EPD2D_PTE_R10_DPG,East Coast No 2 Diesel Retail Prices (Dollars per Gallon),4.922,$/GAL
2022-08-29,R10,PADD 1,EPD2D,No 2 Diesel,PTE,Retail Sales,EMD_EPD2D_PTE_R10_DPG,East Coast No 2 Diesel Retail Prices (Dollars per Gallon),5.066,$/GAL
2022-09-05,R10,PADD 1,EPD2D,No 2 Diesel,PTE,Retail Sales,EMD_EPD2D_PTE_R10_DPG,East Coast No 2 Diesel Retail Prices (Dollars per Gallon),5.033,$/GAL
2022-09-12,R10,PADD 1,EPD2D,No 2 Diesel,PTE,Retail Sales,EMD_EPD2D_PTE_R10_DPG,East Coast No 2 Diesel Retail Prices (Dollars per Gallon),4.949,$/GAL
2022-09-19,R10,PADD 1,EPD2D,No 2 Diesel,PTE,Retail Sales,EMD_EPD2D_PTE_R10_DPG,East Coast No 2 Diesel Retail Prices (Dollars per Gallon),4.889,$/GAL
2022-09-26,R10,PADD 1,EPD2D,No 2 Diesel,PTE,Retail Sales,EMD_EPD2D_PTE_R10_DPG,East Coast No 2 Diesel Retail Prices (Dollars per Gallon),4.836,$/GAL
2022-10-03,R10,PADD 1,EPD2D,No 2 Diesel,PTE,Retail Sales,EMD_EPD2D_PTE_R10_DPG,East Coast No 2 Diesel Retail Prices (Dollars per Gallon),4.797,$/GAL
2022-10-10,R10,PADD 1,EPD2D,No 2 Diesel,PTE,Retail Sales,EMD_EPD2D_PTE_R10_DPG,East Coast No 2 Diesel Retail Prices (Dollars per Gallon),5.13,$/GAL
2022-10-17,R10,PADD 1,EPD2D,No 2 Diesel,PTE,Retail Sales,EMD_EPD2D_PTE_R10_DPG,East Coast No 2 Diesel Retail Prices (Dollars per Gallon),5.35,$/GAL
2022-10-24,R10,PADD 1,EPD2D,No 2 Diesel,PTE,Retail Sales,EMD_EPD2D_PTE_R10_DPG,East Coast No 2 Diesel Retail Prices (Dollars per Gallon),5.379,$/GAL
2022-10-31,R10,PADD 1,EPD2D,No 2 Diesel,PTE,Retail Sales,EMD_EPD2D_PTE_R10_DPG,East Coast No 2 Diesel Retail Prices (Dollars per Gallon),5.4,$/GAL
2022-11-07,R10,PADD 1,EPD2D,No 2 Diesel,PTE,Retail Sales,EMD_EPD2D_PTE_R10_DPG,East Coast No 2 Diesel Retail Prices (Dollars per Gallon),5.473,$/GAL
2022-11-14,R10,PADD 1,EPD2D,No 2 Diesel,PTE,Retail Sales,EMD_EPD2D_PTE_R10_DPG,East Coast No 2 Diesel Retail Prices (Dollars per Gallon),5.474,$/GAL
2022-11-21,R10,PADD 1,EPD2D,No 2 Diesel,PTE,Retail Sales,EMD_EPD2D_PTE_R10_DPG,East Coast No 2 Diesel Retail Prices (Dollars per Gallon),5.411,$/GAL
2022-11-28,R10,PADD 1,EPD2D,No 2 Diesel,PTE,Retail Sales,EMD_EPD2D_PTE_R10_DPG,East Coast No 2 Diesel Retail Prices (Dollars per Gallon),5.336,$/GAL
2022-12-05,R10,PADD 1,EPD2D,No 2 Diesel,PTE,Retail Sales,EMD_EPD2D_PTE_R10_DPG,East Coast No 2 Diesel Retail Prices (Dollars per Gallon),5.191,$/GAL
2022-12-12,R10,PADD 1,EPD2D,No 2 Diesel,PTE,Retail Sales,EMD_EPD2D_PTE_R10_DPG,East Coast No 2 Diesel Retail Prices (Dollars per Gallon),5.007,$/GAL
2022-12-19,R10,PADD 1,EPD2D,No 2 Diesel,PTE,Retail Sales,EMD_EPD2D_PTE_R10_DPG,East Coast No 2 Diesel Retail Prices (Dollars per Gallon),4.847,$/GAL
2022-12-26,R10,PADD 1,EPD2D,No 2 Diesel,PTE,Retail Sales,EMD_EPD2D_PTE_R10_DPG,East Coast No 2 Diesel Retail Prices (Dollars per Gallon),4.808,$/GAL
2023-01-02,R10,PADD 1,EPD2D,No 2 Diesel,PTE,Retail Sales,EMD_EPD2D_PTE_R10_DPG,East Coast No 2 Diesel Retail Prices (Dollars per Gallon),4.852,$/GAL
2023-01-09,R10,PADD 1,EPD2D,No 2 Diesel,PTE,Retail Sales,EMD_EPD2D_PTE_R10_DPG,East Coast No 2 Diesel Retail Prices (Dollars per Gallon),4.812,$/GAL
2023-01-16,R10,PADD 1,EPD2D,No 2 Diesel,PTE,Retail Sales,EMD_EPD2D_PTE_R10_DPG,East Coast No 2 Diesel Retail Prices (Dollars per Gallon),4.752,$/GAL
2023-01-23,R10,PADD 1,EPD2D,No 2 Diesel,PTE,Retail Sales,EMD_EPD2D_PTE_R10_DPG,East Coast No 2 Diesel Retail Prices (Dollars per Gallon),4.81,$/GAL
2023-01-30,R10,PADD 1,EPD2D,No 2 Diesel,PTE,Retail Sales,EMD_EPD2D_PTE_R10_DPG,East Coast No 2 Diesel Retail Prices (Dollars per Gallon),4.835,$/GAL
2023-02-06,R10,PADD 1,EPD2D,No 2 Diesel,PTE,Retail Sales,EMD_EPD2D_PTE_R10_DPG,East Coast No 2 Diesel Retail Prices (Dollars per Gallon),4.752,$/GAL
2023-02-13,R10,PADD 1,EPD2D,No 2 Diesel,PTE,Retail Sales,EMD_EPD2D_PTE_R10_DPG,East Coast No 2 Diesel Retail Prices (Dollars per Gallon),4.653,$/GAL
2023-02-20,R10,PADD 1,EPD2D,No 2 Diesel,PTE,Retail Sales,EMD_EPD2D_PTE_R10_DPG,East Coast No 2 Diesel Retail Prices (Dollars per Gallon),4.572,$/GAL
2023-02-27,R10,PADD 1,EPD2D,No 2 Diesel,PTE,Retail Sales,EMD_EPD2D_PTE_R10_DPG,East Coast No 2 Diesel Retail Prices (Dollars per Gallon),4.446,$/GAL
2023-03-06,R10,PADD 1,EPD2D,No 2 Diesel,PTE,Retail Sales,EMD_EPD2D_PTE_R10_DPG,East Coast No 2 Diesel Retail Prices (Dollars per Gallon),4.409,$/GAL
2023-03-13,R10,PADD 1,EPD2D,No 2 Diesel,PTE,Retail Sales,EMD_EPD2D_PTE_R10_DPG,East Coast No 2 Diesel Retail Prices (Dollars per Gallon),4.36,$/GAL
2023-03-20,R10,PADD 1,EPD2D,No 2 Diesel,PTE,Retail Sales,EMD_EPD2D_PTE_R10_DPG,East Coast No 2 Diesel Retail Prices (Dollars per Gallon),4.309,$/GAL
2023-03-27,R10,PADD 1,EPD2D,No 2 Diesel,PTE,Retail Sales,EMD_EPD2D_PTE_R10_DPG,East Coast No 2 Diesel Retail Prices (Dollars per Gallon),4.241,$/GAL
2023-04-03,R10,PADD 1,EPD2D,No 2 Diesel,PTE,Retail Sales,EMD_EPD2D_PTE_R10_DPG,East Coast No 2 Diesel Retail Prices (Dollars per Gallon),4.226,$/GAL
2023-04-10,R10,PADD 1,EPD2D,No 2 Diesel,PTE,Retail Sales,EMD_EPD2D_PTE_R10_DPG,East Coast No 2 Diesel Retail Prices (Dollars per Gallon),4.199,$/GAL
2023-04-17,R10,PADD 1,EPD2D,No 2 Diesel,PTE,Retail Sales,EMD_EPD2D_PTE_R10_DPG,East Coast No 2 Diesel Retail Prices (Dollars per Gallon),4.198,$/GAL
2023-04-24,R10,PADD 1,EPD2D,No 2 Diesel,PTE,Retail Sales,EMD_EPD2D_PTE_R10_DPG,East Coast No 2 Diesel Retail Prices (Dollars per Gallon),4.151,$/GAL
2023-05-01,R10,PADD 1,EPD2D,No 2 Diesel,PTE,Retail Sales,EMD_EPD2D_PTE_R10_DPG,East Coast No 2 Diesel Retail Prices (Dollars per Gallon),4.073,$/GAL
2023-05-08,R10,PADD 1,EPD2D,No 2 Diesel,PTE,Retail Sales,EMD_EPD2D_PTE_R10_DPG,East Coast No 2 Diesel Retail Prices (Dollars per Gallon),3.986,$/GAL
2023-05-15,R10,PADD 1,EPD2D,No 2 Diesel,PTE,Retail Sales,EMD_EPD2D_PTE_R10_DPG,East Coast No 2 Diesel Retail Prices (Dollars per Gallon),3.932,$/GAL
2023-05-22,R10,PADD 1,EPD2D,No 2 Diesel,PTE,Retail Sales,EMD_EPD2D_PTE_R10_DPG,East Coast No 2 Diesel Retail Prices (Dollars per Gallon),3.912,$/GAL
2023-05-29,R10,PADD 1,EPD2D,No 2 Diesel,PTE,Retail Sales,EMD_EPD2D_PTE_R10_DPG,East Coast No 2 Diesel Retail Prices (Dollars per Gallon),3.886,$/GAL
2023-06-05,R10,PADD 1,EPD2D,No 2 Diesel,PTE,Retail Sales,EMD_EPD2D_PTE_R10_DPG,East Coast No 2 Diesel Retail Prices (Dollars per Gallon),3.847,$/GAL
2023-06-12,R10,PADD 1,EPD2D,No 2 Diesel,PTE,Retail Sales,EMD_EPD2D_PTE_R10_DPG,East Coast No 2 Diesel Retail Prices (Dollars per Gallon),3.86,$/GAL
2023-06-19,R10,PADD 1,EPD2D,No 2 Diesel,PTE,Retail Sales,EMD_EPD2D_PTE_R10_DPG,East Coast No 2 Diesel Retail Prices (Dollars per Gallon),3.866,$/GAL
2023-06-26,R10,PADD 1,EPD2D,No 2 Diesel,PTE,Retail Sales,EMD_EPD2D_PTE_R10_DPG,East Coast No 2 Diesel Retail Prices (Dollars per Gallon),3.853,$/GAL
2023-07-03,R10,PADD 1,EPD2D,No 2 Diesel,PTE,Retail Sales,EMD_EPD2D_PTE_R10_DPG,East Coast No 2 Diesel Retail Prices (Dollars per Gallon),3.811,$/GAL
2023-07-10,R10,PADD 1,EPD2D,No 2 Diesel,PTE,Retail Sales,EMD_EPD2D_PTE_R10_DPG,East Coast No 2 Diesel Retail Prices (Dollars per Gallon),3.858,$/GAL
2023-07-17,R10,PADD 1,EPD2D,No 2 Diesel,PTE,Retail Sales,EMD_EPD2D_PTE_R10_DPG,East Coast No 2 Diesel Retail Prices (Dollars per Gallon),3.879,$/GAL
2023-07-24,R10,PADD 1,EPD2D,No 2 Diesel,PTE,Retail Sales,EMD_EPD2D_PTE_R10_DPG,East Coast No 2 Diesel Retail Prices (Dollars per Gallon),3.971,$/GAL
2023-07-31,R10,PADD 1,EPD2D,No 2 Diesel,PTE,Retail Sales,EMD_EPD2D_PTE_R10_DPG,East Coast No 2 Diesel Retail Prices (Dollars per Gallon),4.153,$/GAL
2023-08-07,R10,PADD 1,EPD2D,No 2 Diesel,PTE,Retail Sales,EMD_EPD2D_PTE_R10_DPG,East Coast No 2 Diesel Retail Prices (Dollars per Gallon),4.248,$/GAL
2023-08-14,R10,PADD 1,EPD2D,No 2 Diesel,PTE,Retail Sales,EMD_EPD2D_PTE_R10_DPG,East Coast No 2 Diesel Retail Prices (Dollars per Gallon),4.402,$/GAL
2023-08-21,R10,PADD 1,EPD2D,No 2 Diesel,PTE,Retail Sales,EMD_EPD2D_PTE_R10_DPG,East Coast No 2 Diesel Retail Prices (Dollars per Gallon),4.422,$/GAL
2023-08-28,R10,PADD 1,EPD2D,No 2 Diesel,PTE,Retail Sales,EMD_EPD2D_PTE_R10_DPG,East Coast No 2 Diesel Retail Prices (Dollars per Gallon),4.475,$/GAL
2023-09-04,R10,PADD 1,EPD2D,No 2 Diesel,PTE,Retail Sales,EMD_EPD2D_PTE_R10_DPG,East Coast No 2 Diesel Retail Prices (Dollars per Gallon),4.474,$/GAL
2023-09-11,R10,PADD 1,EPD2D,No 2 Diesel,PTE,Retail Sales,EMD_EPD2D_PTE_R10_DPG,East Coast No 2 Diesel Retail Prices (Dollars per Gallon),4.479,$/GAL
2023-09-18,R10,PADD 1,EPD2D,No 2 Diesel,PTE,Retail Sales,EMD_EPD2D_PTE_R10_DPG,East Coast No 2 Diesel Retail Prices (Dollars per Gallon),4.537,$/GAL
2023-09-25,R10,PADD 1,EPD2D,No 2 Diesel,PTE,Retail Sales,EMD_EPD2D_PTE_R10_DPG,East Coast No 2 Diesel Retail Prices (Dollars per Gallon),4.525,$/GAL
2023-10-02,R10,PADD 1,EPD2D,No 2 Diesel,PTE,Retail Sales,EMD_EPD2D_PTE_R10_DPG,East Coast No 2 Diesel Retail Prices (Dollars per Gallon),4.542,$/GAL
2023-10-09,R10,PADD 1,EPD2D,No 2 Diesel,PTE,Retail Sales,EMD_EPD2D_PTE_R10_DPG,East Coast No 2 Diesel Retail Prices (Dollars per Gallon),4.458,$/GAL
2023-10-16,R10,PADD 1,EPD2D,No 2 Diesel,PTE,Retail Sales,EMD_EPD2D_PTE_R10_DPG,East Coast No 2 Diesel Retail Prices (Dollars per Gallon),4.404,$/GAL
2023-10-23,R10,PADD 1,EPD2D,No 2 Diesel,PTE,Retail Sales,EMD_EPD2D_PTE_R10_DPG,East Coast No 2 Diesel Retail Prices (Dollars per Gallon),4.408,$/GAL
2023-10-30,R10,PADD 1,EPD2D,No 2 Diesel,PTE,Retail Sales,EMD_EPD2D_PTE_R10_DPG,East Coast No 2 Diesel Retail Prices (Dollars per Gallon),4.342,$/GAL
2023-11-06,R10,PADD 1,EPD2D,No 2 Diesel,PTE,Retail Sales,EMD_EPD2D_PTE_R10_DPG,East Coast No 2 Diesel Retail Prices (Dollars per Gallon),4.294,$/GAL
2023-11-13,R10,PADD 1,EPD2D,No 2 Diesel,PTE,Retail Sales,EMD_EPD2D_PTE_R10_DPG,East Coast No 2 Diesel Retail Prices (Dollars per Gallon),4.22,$/GAL
2023-11-20,R10,PADD 1,EPD2D,No 2 Diesel,PTE,Retail Sales,EMD_EPD2D_PTE_R10_DPG,East Coast No 2 Diesel Retail Prices (Dollars per Gallon),4.155,$/GAL
2023-11-27,R10,PADD 1,EPD2D,No 2 Diesel,PTE,Retail Sales,EMD_EPD2D_PTE_R10_DPG,East Coast No 2 Diesel Retail Prices (Dollars per Gallon),4.121,$/GAL
2023-12-04,R10,PADD 1,EPD2D,No 2 Diesel,PTE,Retail Sales,EMD_EPD2D_PTE_R10_DPG,East Coast No 2 Diesel Retail Prices (Dollars per Gallon),4.139,$/GAL
2023-12-11,R10,PADD 1,EPD2D,No 2 Diesel,PTE,Retail Sales,EMD_EPD2D_PTE_R10_DPG,East Coast No 2 Diesel Retail Prices (Dollars per Gallon),4.05,$/GAL
2023-12-18,R10,PADD 1,EPD2D,No 2 Diesel,PTE,Retail Sales,EMD_EPD2D_PTE_R10_DPG,East Coast No 2 Diesel Retail Prices (Dollars per Gallon),3.969,$/GAL
2023-12-25,R10,PADD 1,EPD2D,No 2 Diesel,PTE,Retail Sales,EMD_EPD2D_PTE_R10_DPG,East Coast No 2 Diesel Retail Prices (Dollars per Gallon),4.022,$/GAL
2024-01-01,R10,PADD 1,EPD2D,No 2 Diesel,PTE,Retail Sales,EMD_EPD2D_PTE_R10_DPG,East Coast No 2 Diesel Retail Prices (Dollars per Gallon),4.002,$/GAL
2024-01-08,R10,PADD 1,EPD2D,No 2 Diesel,PTE,Retail Sales,EMD_EPD2D_PTE_R10_DPG,East Coast No 2 Diesel Retail Prices (Dollars per Gallon),3.959,$/GAL
2024-01-15,R10,PADD 1,EPD2D,No 2 Diesel,PTE,Retail Sales,EMD_EPD2D_PTE_R10_DPG,East Coast No 2 Diesel Retail Prices (Dollars per Gallon),3.992,$/GAL
2024-01-22,R10,PADD 1,EPD2D,No 2 Diesel,PTE,Retail Sales,EMD_EPD2D_PTE_R10_DPG,East Coast No 2 Diesel Retail Prices (Dollars per Gallon),3.979,$/GAL
2024-01-29,R10,PADD 1,EPD2D,No 2 Diesel,PTE,Retail Sales,EMD_EPD2D_PTE_R10_DPG,East Coast No 2 Diesel Retail Prices (Dollars per Gallon),4.043,$/GAL
2024-02-05,R10,PADD 1,EPD2D,No 2 Diesel,PTE,Retail Sales,EMD_EPD2D_PTE_R10_DPG,East Coast No 2 Diesel Retail Prices (Dollars per Gallon),4.043,$/GAL
2024-02-12,R10,PADD 1,EPD2D,No 2 Diesel,PTE,Retail Sales,EMD_EPD2D_PTE_R10_DPG,East Coast No 2 Diesel Retail Prices (Dollars per Gallon),4.201,$/GAL
2024-02-19,R10,PADD 1,EPD2D,No 2 Diesel,PTE,Retail Sales,EMD_EPD2D_PTE_R10_DPG,East Coast No 2 Diesel Retail Prices (Dollars per Gallon),4.24,$/GAL
2024-02-26,R10,PADD 1,EPD2D,No 2 Diesel,PTE,Retail Sales,EMD_EPD2D_PTE_R10_DPG,East Coast No 2 Diesel Retail Prices (Dollars per Gallon),4.185,$/GAL
2024-03-04,R10,PADD 1,EPD2D,No 2 Diesel,PTE,Retail Sales,EMD_EPD2D_PTE_R10_DPG,East Coast No 2 Diesel Retail Prices (Dollars per Gallon),4.151,$/GAL
2024-03-11,R10,PADD 1,EPD2D,No 2 Diesel,PTE,Retail Sales,EMD_EPD2D_PTE_R10_DPG,East Coast No 2 Diesel Retail Prices (Dollars per Gallon),4.12,$/GAL
2024-03-18,R10,PADD 1,EPD2D,No 2 Diesel,PTE,Retail Sales,EMD_EPD2D_PTE_R10_DPG,East Coast No 2 Diesel Retail Prices (Dollars per Gallon),4.127,$/GAL
2024-03-25,R10,PADD 1,EPD2D,No 2 Diesel,PTE,Retail Sales,EMD_EPD2D_PTE_R10_DPG,East Coast No 2 Diesel Retail Prices (Dollars per Gallon),4.125,$/GAL
2024-04-01,R10,PADD 1,EPD2D,No 2 Diesel,PTE,Retail Sales,EMD_EPD2D_PTE_R10_DPG,East Coast No 2 Diesel Retail Prices (Dollars per Gallon),4.083,$/GAL
2024-04-08,R10,PADD 1,EPD2D,No 2 Diesel,PTE,Retail Sales,EMD_EPD2D_PTE_R10_DPG,East Coast No 2 Diesel Retail Prices (Dollars per Gallon),4.118,$/GAL
2024-04-15,R10,PADD 1,EPD2D,No 2 Diesel,PTE,Retail Sales,EMD_EPD2D_PTE_R10_DPG,East Coast No 2 Diesel Retail Prices (Dollars per Gallon),4.068,$/GAL
2024-04-22,R10,PADD 1,EPD2D,No 2 Diesel,PTE,Retail Sales,EMD_EPD2D_PTE_R10_DPG,East Coast No 2 Diesel Retail Prices (Dollars per Gallon),4.047,$/GAL
2024-04-29,R10,PADD 1,EPD2D,No 2 Diesel,PTE,Retail Sales,EMD_EPD2D_PTE_R10_DPG,East Coast No 2 Diesel Retail Prices (Dollars per Gallon),4.025,$/GAL
2024-05-06,R10,PADD 1,EPD2D,No 2 Diesel,PTE,Retail Sales,EMD_EPD2D_PTE_R10_DPG,East Coast No 2 Diesel Retail Prices (Dollars per Gallon),3.966,$/GAL
2024-05-13,R10,PADD 1,EPD2D,No 2 Diesel,PTE,Retail Sales,EMD_EPD2D_PTE_R10_DPG,East Coast No 2 Diesel Retail Prices (Dollars per Gallon),3.916,$/GAL
2024-05-20,R10,PADD 1,EPD2D,No 2 Diesel,PTE,Retail Sales,EMD_EPD2D_PTE_R10_DPG,East Coast No 2 Diesel Retail Prices (Dollars per Gallon),3.895,$/GAL
2024-05-27,R10,PADD 1,EPD2D,No 2 Diesel,PTE,Retail Sales,EMD_EPD2D_PTE_R10_DPG,East Coast No 2 Diesel Retail Prices (Dollars per Gallon),3.885,$/GAL
2024-06-03,R10,PADD 1,EPD2D,No 2 Diesel,PTE,Retail Sales,EMD_EPD2D_PTE_R10_DPG,East Coast No 2 Diesel Retail Prices (Dollars per Gallon),3.853,$/GAL
2024-06-10,R10,PADD 1,EPD2D,No 2 Diesel,PTE,Retail Sales,EMD_EPD2D_PTE_R10_DPG,East Coast No 2 Diesel Retail Prices (Dollars per Gallon),3.789,$/GAL
2024-06-17,R10,PADD 1,EPD2D,No 2 Diesel,PTE,Retail Sales,EMD_EPD2D_PTE_R10_DPG,East Coast No 2 Diesel Retail Prices (Dollars per Gallon),3.834,$/GAL
2024-06-24,R10,PADD 1,EPD2D,No 2 Diesel,PTE,Retail Sales,EMD_EPD2D_PTE_R10_DPG,East Coast No 2 Diesel Retail Prices (Dollars per Gallon),3.876,$/GAL
2024-07-01,R10,PADD 1,EPD2D,No 2 Diesel,PTE,Retail Sales,EMD_EPD2D_PTE_R10_DPG,East Coast No 2 Diesel Retail Prices (Dollars per Gallon),3.898,$/GAL
2024-07-08,R10,PADD 1,EPD2D,No 2 Diesel,PTE,Retail Sales,EMD_EPD2D_PTE_R10_DPG,East Coast No 2 Diesel Retail Prices (Dollars per Gallon),3.934,$/GAL
2024-07-15,R10,PADD 1,EPD2D,No 2 Diesel,PTE,Retail Sales,EMD_EPD2D_PTE_R10_DPG,East Coast No 2 Diesel Retail Prices (Dollars per Gallon),3.908,$/GAL
2024-07-22,R10,PADD 1,EPD2D,No 2 Diesel,PTE,Retail Sales,EMD_EPD2D_PTE_R10_DPG,East Coast No 2 Diesel Retail Prices (Dollars per Gallon),3.872,$/GAL
2024-07-29,R10,PADD 1,EPD2D,No 2 Diesel,PTE,Retail Sales,EMD_EPD2D_PTE_R10_DPG,East Coast No 2 Diesel Retail Prices (Dollars per Gallon),3.844,$/GAL
2024-08-05,R10,PADD 1,EPD2D,No 2 Diesel,PTE,Retail Sales,EMD_EPD2D_PTE_R10_DPG,East Coast No 2 Diesel Retail Prices (Dollars per Gallon),3.83,$/GAL
2024-08-12,R10,PADD 1,EPD2D,No 2 Diesel,PTE,Retail Sales,EMD_EPD2D_PTE_R10_DPG,East Coast No 2 Diesel Retail Prices (Dollars per Gallon),3.778,$/GAL
2024-08-19,R10,PADD 1,EPD2D,No 2 Diesel,PTE,Retail Sales,EMD_EPD2D_PTE_R10_DPG,East Coast No 2 Diesel Retail Prices (Dollars per Gallon),3.757,$/GAL
2024-08-26,R10,PADD 1,EPD2D,No 2 Diesel,PTE,Retail Sales,EMD_EPD2D_PTE_R10_DPG,East Coast No 2 Diesel Retail Prices (Dollars per Gallon),3.725,$/GAL
2024-09-02,R10,PADD 1,EPD2D,No 2 Diesel,PTE,Retail Sales,EMD_EPD2D_PTE_R10_DPG,East Coast No 2 Diesel Retail Prices (Dollars per Gallon),3.686,$/GAL
2024-09-09,R10,PADD 1,EPD2D,No 2 Diesel,PTE,Retail Sales,EMD_EPD2D_PTE_R10_DPG,East Coast No 2 Diesel Retail Prices (Dollars per Gallon),3.619,$/GAL
2024-09-16,R10,PADD 1,EPD2D,No 2 Diesel,PTE,Retail Sales,EMD_EPD2D_PTE_R10_DPG,East Coast No 2 Diesel Retail Prices (Dollars per Gallon),3.585,$/GAL
2024-09-23,R10,PADD 1,EPD2D,No 2 Diesel,PTE,Retail Sales,EMD_EPD2D_PTE_R10_DPG,East Coast No 2 Diesel Retail Prices (Dollars per Gallon),3.577,$/GAL
2024-09-30,R10,PADD 1,EPD2D,No 2 Diesel,PTE,Retail Sales,EMD_EPD2D_PTE_R10_DPG,East Coast No 2 Diesel Retail Prices (Dollars per Gallon),3.571,$/GAL
2024-10-07,R10,PADD 1,EPD2D,No 2 Diesel,PTE,Retail Sales,EMD_EPD2D_PTE_R10_DPG,East Coast No 2 Diesel Retail Prices (Dollars per Gallon),3.563,$/GAL
2024-10-14,R10,PADD 1,EPD2D,No 2 Diesel,PTE,Retail Sales,EMD_EPD2D_PTE_R10_DPG,East Coast No 2 Diesel Retail Prices (Dollars per Gallon),3.586,$/GAL
2024-10-21,R10,PADD 1,EPD2D,No 2 Diesel,PTE,Retail Sales,EMD_EPD2D_PTE_R10_DPG,East Coast No 2 Diesel Retail Prices (Dollars per Gallon),3.59,$/GAL
2024-10-28,R10,PADD 1,EPD2D,No 2 Diesel,PTE,Retail Sales,EMD_EPD2D_PTE_R10_DPG,East Coast No 2 Diesel Retail Prices (Dollars per Gallon),3.605,$/GAL
2024-11-04,R10,PADD 1,EPD2D,No 2 Diesel,PTE,Retail Sales,EMD_EPD2D_PTE_R10_DPG,East Coast No 2 Diesel Retail Prices (Dollars per Gallon),3.59,$/GAL
2024-11-11,R10,PADD 1,EPD2D,No 2 Diesel,PTE,Retail Sales,EMD_EPD2D_PTE_R10_DPG,East Coast No 2 Diesel Retail Prices (Dollars per Gallon),3.579,$/GAL
2024-11-18,R10,PADD 1,EPD2D,No 2 Diesel,PTE,Retail Sales,EMD_EPD2D_PTE_R10_DPG,East Coast No 2 Diesel Retail Prices (Dollars per Gallon),3.552,$/GAL
2024-11-25,R10,PADD 1,EPD2D,No 2 Diesel,PTE,Retail Sales,EMD_EPD2D_PTE_R10_DPG,East Coast No 2 Diesel Retail Prices (Dollars per Gallon),3.593,$/GAL
2024-12-02,R10,PADD 1,EPD2D,No 2 Diesel,PTE,Retail Sales,EMD_EPD2D_PTE_R10_DPG,East Coast No 2 Diesel Retail Prices (Dollars per Gallon),3.597,$/GAL
2024-12-09,R10,PADD 1,EPD2D,No 2 Diesel,PTE,Retail Sales,EMD_EPD2D_PTE_R10_DPG,East Coast No 2 Diesel Retail Prices (Dollars per Gallon),3.535,$/GAL
2024-12-16,R10,PADD 1,EPD2D,No 2 Diesel,PTE,Retail Sales,EMD_EPD2D_PTE_R10_DPG,East Coast No 2 Diesel Retail Prices (Dollars per Gallon),3.575,$/GAL
2024-12-23,R10,PADD 1,EPD2D,No 2 Diesel,PTE,Retail Sales,EMD_EPD2D_PTE_R10_DPG,East Coast No 2 Diesel Retail Prices (Dollars per Gallon),3.568,$/GAL
2024-12-30,R10,PADD 1,EPD2D,No 2 Diesel,PTE,Retail Sales,EMD_EPD2D_PTE_R10_DPG,East Coast No 2 Diesel Retail Prices (Dollars per Gallon),3.587,$/GAL
2025-01-06,R10,PADD 1,EPD2D,No 2 Diesel,PTE,Retail Sales,EMD_EPD2D_PTE_R10_DPG,East Coast No 2 Diesel Retail Prices (Dollars per Gallon),3.634,$/GAL
2025-01-13,R10,PADD 1,EPD2D,No 2 Diesel,PTE,Retail Sales,EMD_EPD2D_PTE_R10_DPG,East Coast No 2 Diesel Retail Prices (Dollars per Gallon),3.718,$/GAL
2025-01-20,R10,PADD 1,EPD2D,No 2 Diesel,PTE,Retail Sales,EMD_EPD2D_PTE_R10_DPG,East Coast No 2 Diesel Retail Prices (Dollars per Gallon),3.82,$/GAL
2025-01-27,R10,PADD 1,EPD2D,No 2 Diesel,PTE,Retail Sales,EMD_EPD2D_PTE_R10_DPG,East Coast No 2 Diesel Retail Prices (Dollars per Gallon),3.805,$/GAL
2025-02-03,R10,PADD 1,EPD2D,No 2 Diesel,PTE,Retail Sales,EMD_EPD2D_PTE_R10_DPG,East Coast No 2 Diesel Retail Prices (Dollars per Gallon),3.778,$/GAL
2025-02-10,R10,PADD 1,EPD2D,No 2 Diesel,PTE,Retail Sales,EMD_EPD2D_PTE_R10_DPG,East Coast No 2 Diesel Retail Prices (Dollars per Gallon),3.761,$/GAL
2025-02-17,R10,PADD 1,EPD2D,No 2 Diesel,PTE,Retail Sales,EMD_EPD2D_PTE_R10_DPG,East Coast No 2 Diesel Retail Prices (Dollars per Gallon),3.791,$/GAL
2025-02-24,R10,PADD 1,EPD2D,No 2 Diesel,PTE,Retail Sales,EMD_EPD2D_PTE_R10_DPG,East Coast No 2 Diesel Retail Prices (Dollars per Gallon),3.795,$/GAL
2025-03-03,R10,PADD 1,EPD2D,No 2 Diesel,PTE,Retail Sales,EMD_EPD2D_PTE_R10_DPG,East Coast No 2 Diesel Retail Prices (Dollars per Gallon),3.742,$/GAL
2025-03-10,R10,PADD 1,EPD2D,No 2 Diesel,PTE,Retail Sales,EMD_EPD2D_PTE_R10_DPG,East Coast No 2 Diesel Retail Prices (Dollars per Gallon),3.699,$/GAL
2025-03-17,R10,PADD 1,EPD2D,No 2 Diesel,PTE,Retail Sales,EMD_EPD2D_PTE_R10_DPG,East Coast No 2 Diesel Retail Prices (Dollars per Gallon),3.679,$/GAL
2025-03-24,R10,PADD 1,EPD2D,No 2 Diesel,PTE,Retail Sales,EMD_EPD2D_PTE_R10_DPG,East Coast No 2 Diesel Retail Prices (Dollars per Gallon),3.675,$/GAL
2025-03-31,R10,PADD 1,EPD2D,No 2 Diesel,PTE,Retail Sales,EMD_EPD2D_PTE_R10_DPG,East Coast No 2 Diesel Retail Prices (Dollars per Gallon),3.695,$/GAL
2025-04-07,R10,PADD 1,EPD2D,No 2 Diesel,PTE,Retail Sales,EMD_EPD2D_PTE_R10_DPG,East Coast No 2 Diesel Retail Prices (Dollars per Gallon),3.713,$/GAL
2025-04-14,R10,PADD 1,EPD2D,No 2 Diesel,PTE,Retail Sales,EMD_EPD2D_PTE_R10_DPG,East Coast No 2 Diesel Retail Prices (Dollars per Gallon),3.66,$/GAL
2025-04-21,R10,PADD 1,EPD2D,No 2 Diesel,PTE,Retail Sales,EMD_EPD2D_PTE_R10_DPG,East Coast No 2 Diesel Retail Prices (Dollars per Gallon),3.614,$/GAL
2025-04-28,R10,PADD 1,EPD2D,No 2 Diesel,PTE,Retail Sales,EMD_EPD2D_PTE_R10_DPG,East Coast No 2 Diesel Retail Prices (Dollars per Gallon),3.585,$/GAL
2025-05-05,R10,PADD 1,EPD2D,No 2 Diesel,PTE,Retail Sales,EMD_EPD2D_PTE_R10_DPG,East Coast No 2 Diesel Retail Prices (Dollars per Gallon),3.567,$/GAL
2025-05-12,R10,PADD 1,EPD2D,No 2 Diesel,PTE,Retail Sales,EMD_EPD2D_PTE_R10_DPG,East Coast No 2 Diesel Retail Prices (Dollars per Gallon),3.534,$/GAL
2025-05-19,R10,PADD 1,EPD2D,No 2 Diesel,PTE,Retail Sales,EMD_EPD2D_PTE_R10_DPG,East Coast No 2 Diesel Retail Prices (Dollars per Gallon),3.58,$/GAL
2025-05-26,R10,PADD 1,EPD2D,No 2 Diesel,PTE,Retail Sales,EMD_EPD2D_PTE_R10_DPG,East Coast No 2 Diesel Retail Prices (Dollars per Gallon),3.555,$/GAL
2025-06-02,R10,PADD 1,EPD2D,No 2 Diesel,PTE,Retail Sales,EMD_EPD2D_PTE_R10_DPG,East Coast No 2 Diesel Retail Prices (Dollars per Gallon),3.517,$/GAL
2025-06-09,R10,PADD 1,EPD2D,No 2 Diesel,PTE,Retail Sales,EMD_EPD2D_PTE_R10_DPG,East Coast No 2 Diesel Retail Prices (Dollars per Gallon),3.525,$/GAL
2025-06-16,R10,PADD 1,EPD2D,No 2 Diesel,PTE,Retail Sales,EMD_EPD2D_PTE_R10_DPG,East Coast No 2 Diesel Retail Prices (Dollars per Gallon),3.621,$/GAL
2025-06-23,R10,PADD 1,EPD2D,No 2 Diesel,PTE,Retail Sales,EMD_EPD2D_PTE_R10_DPG,East Coast No 2 Diesel Retail Prices (Dollars per Gallon),3.79,$/GAL
2025-06-30,R10,PADD 1,EPD2D,No 2 Diesel,PTE,Retail Sales,EMD_EPD2D_PTE_R10_DPG,East Coast No 2 Diesel Retail Prices (Dollars per Gallon),3.775,$/GAL
2025-07-07,R10,PADD 1,EPD2D,No 2 Diesel,PTE,Retail Sales,EMD_EPD2D_PTE_R10_DPG,East Coast No 2 Diesel Retail Prices (Dollars per Gallon),3.765,$/GAL
2025-07-14,R10,PADD 1,EPD2D,No 2 Diesel,PTE,Retail Sales,EMD_EPD2D_PTE_R10_DPG,East Coast No 2 Diesel Retail Prices (Dollars per Gallon),3.793,$/GAL
2025-07-21,R10,PADD 1,EPD2D,No 2 Diesel,PTE,Retail Sales,EMD_EPD2D_PTE_R10_DPG,East Coast No 2 Diesel Retail Prices (Dollars per Gallon),3.821,$/GAL
2025-07-28,R10,PADD 1,EPD2D,No 2 Diesel,PTE,Retail Sales,EMD_EPD2D_PTE_R10_DPG,East Coast No 2 Diesel Retail Prices (Dollars per Gallon),3.812,$/GAL
2025-08-04,R10,PADD 1,EPD2D,No 2 Diesel,PTE,Retail Sales,EMD_EPD2D_PTE_R10_DPG,East Coast No 2 Diesel Retail Prices (Dollars per Gallon),3.807,$/GAL
2025-08-11,R10,PADD 1,EPD2D,No 2 Diesel,PTE,Retail Sales,EMD_EPD2D_PTE_R10_DPG,East Coast No 2 Diesel Retail Prices (Dollars per Gallon),3.757,$/GAL
2025-08-18,R10,PADD 1,EPD2D,No 2 Diesel,PTE,Retail Sales,EMD_EPD2D_PTE_R10_DPG,East Coast No 2 Diesel Retail Prices (Dollars per Gallon),3.733,$/GAL
2025-08-25,R10,PADD 1,EPD2D,No 2 Diesel,PTE,Retail Sales,EMD_EPD2D_PTE_R10_DPG,East Coast No 2 Diesel Retail Prices (Dollars per Gallon),3.726,$/GAL
2025-09-01,R10,PADD 1,EPD2D,No 2 Diesel,PTE,Retail Sales,EMD_EPD2D_PTE_R10_DPG,East Coast No 2 Diesel Retail Prices (Dollars per Gallon),3.75,$/GAL
2025-09-08,R10,PADD 1,EPD2D,No 2 Diesel,PTE,Retail Sales,EMD_EPD2D_PTE_R10_DPG,East Coast No 2 Diesel Retail Prices (Dollars per Gallon),3.772,$/GAL
2025-09-15,R10,PADD 1,EPD2D,No 2 Diesel,PTE,Retail Sales,EMD_EPD2D_PTE_R10_DPG,East Coast No 2 Diesel Retail Prices (Dollars per Gallon),3.748,$/GAL
2025-09-22,R10,PADD 1,EPD2D,No 2 Diesel,PTE,Retail Sales,EMD_EPD2D_PTE_R10_DPG,East Coast No 2 Diesel Retail Prices (Dollars per Gallon),3.745,$/GAL
2025-09-29,R10,PADD 1,EPD2D,No 2 Diesel,PTE,Retail Sales,EMD_EPD2D_PTE_R10_DPG,East Coast No 2 Diesel Retail Prices (Dollars per Gallon),3.75,$/GAL
2025-10-06,R10,PADD 1,EPD2D,No 2 Diesel,PTE,Retail Sales,EMD_EPD2D_PTE_R10_DPG,East Coast No 2 Diesel Retail Prices (Dollars per Gallon),3.735,$/GAL
2025-10-13,R10,PADD 1,EPD2D,No 2 Diesel,PTE,Retail Sales,EMD_EPD2D_PTE_R10_DPG,East Coast No 2 Diesel Retail Prices (Dollars per Gallon),3.721,$/GAL
2025-10-20,R10,PADD 1,EPD2D,No 2 Diesel,PTE,Retail Sales,EMD_EPD2D_PTE_R10_DPG,East Coast No 2 Diesel Retail Prices (Dollars per Gallon),3.675,$/GAL
2025-10-27,R10,PADD 1,EPD2D,No 2 Diesel,PTE,Retail Sales,EMD_EPD2D_PTE_R10_DPG,East Coast No 2 Diesel Retail Prices (Dollars per Gallon),3.723,$/GAL
2025-11-03,R10,PADD 1,EPD2D,No 2 Diesel,PTE,Retail Sales,EMD_EPD2D_PTE_R10_DPG,East Coast No 2 Diesel Retail Prices (Dollars per Gallon),3.754,$/GAL
2025-11-10,R10,PADD 1,EPD2D,No 2 Diesel,PTE,Retail Sales,EMD_EPD2D_PTE_R10_DPG,East Coast No 2 Diesel Retail Prices (Dollars per Gallon),3.823,$/GAL
2025-11-17,R10,PADD 1,EPD2D,No 2 Diesel,PTE,Retail Sales,EMD_EPD2D_PTE_R10_DPG,East Coast No 2 Diesel Retail Prices (Dollars per Gallon),3.856,$/GAL
2025-11-24,R10,PADD 1,EPD2D,No 2 Diesel,PTE,Retail Sales,EMD_EPD2D_PTE_R10_DPG,East Coast No 2 Diesel Retail Prices (Dollars per Gallon),3.862,$/GAL
2025-12-01,R10,PADD 1,EPD2D,No 2 Diesel,PTE,Retail Sales,EMD_EPD2D_PTE_R10_DPG,East Coast No 2 Diesel Retail Prices (Dollars per Gallon),3.785,$/GAL
2025-12-08,R10,PADD 1,EPD2D,No 2 Diesel,PTE,Retail Sales,EMD_EPD2D_PTE_R10_DPG,East Coast No 2 Diesel Retail Prices (Dollars per Gallon),3.729,$/GAL
2025-12-15,R10,PADD 1,EPD2D,No 2 Diesel,PTE,Retail Sales,EMD_EPD2D_PTE_R10_DPG,East Coast No 2 Diesel Retail Prices (Dollars per Gallon),3.703,$/GAL
2025-12-22,R10,PADD 1,EPD2D,No 2 Diesel,PTE,Retail Sales,EMD_EPD2D_PTE_R10_DPG,East Coast No 2 Diesel Retail Prices (Dollars per Gallon),3.674,$/GAL
2025-12-29,R10,PADD 1,EPD2D,No 2 Diesel,PTE,Retail Sales,EMD_EPD2D_PTE_R10_DPG,East Coast No 2 Diesel Retail Prices (Dollars per Gallon),3.645,$/GAL
2026-01-05,R10,PADD 1,EPD2D,No 2 Diesel,PTE,Retail Sales,EMD_EPD2D_PTE_R10_DPG,East Coast No 2 Diesel Retail Prices (Dollars per Gallon),3.63,$/GAL
2026-01-12,R10,PADD 1,EPD2D,No 2 Diesel,PTE,Retail Sales,EMD_EPD2D_PTE_R10_DPG,East Coast No 2 Diesel Retail Prices (Dollars per Gallon),3.613,$/GAL
2026-01-19,R10,PADD 1,EPD2D,No 2 Diesel,PTE,Retail Sales,EMD_EPD2D_PTE_R10_DPG,East Coast No 2 Diesel Retail Prices (Dollars per Gallon),3.653,$/GAL
2026-01-26,R10,PADD 1,EPD2D,No 2 Diesel,PTE,Retail Sales,EMD_EPD2D_PTE_R10_DPG,East Coast No 2 Diesel Retail Prices (Dollars per Gallon),3.694,$/GAL
2026-02-02,R10,PADD 1,EPD2D,No 2 Diesel,PTE,Retail Sales,EMD_EPD2D_PTE_R10_DPG,East Coast No 2 Diesel Retail Prices (Dollars per Gallon),3.763,$/GAL
2026-02-09,R10,PADD 1,EPD2D,No 2 Diesel,PTE,Retail Sales,EMD_EPD2D_PTE_R10_DPG,East Coast No 2 Diesel Retail Prices (Dollars per Gallon),3.756,$/GAL
2026-02-16,R10,PADD 1,EPD2D,No 2 Diesel,PTE,Retail Sales,EMD_EPD2D_PTE_R10_DPG,East Coast No 2 Diesel Retail Prices (Dollars per Gallon),3.763,$/GAL
2026-02-23,R10,PADD 1,EPD2D,No 2 Diesel,PTE,Retail Sales,EMD_EPD2D_PTE_R10_DPG,East Coast No 2 Diesel Retail Prices (Dollars per Gallon),3.843,$/GAL
2026-03-02,R10,PADD 1,EPD2D,No 2 Diesel,PTE,Retail Sales,EMD_EPD2D_PTE_R10_DPG,East Coast No 2 Diesel Retail Prices (Dollars per Gallon),3.924,$/GAL
2026-03-09,R10,PADD 1,EPD2D,No 2 Diesel,PTE,Retail Sales,EMD_EPD2D_PTE_R10_DPG,East Coast No 2 Diesel Retail Prices (Dollars per Gallon),4.901,$/GAL
